Text,Title,Source,Category,ChunkIndex,LastCrawled
"Quest for Excellence
The mission of UIU is to create excellent human resources with intellectual, creative, technical, moral and practical skills to serve community, industry and region. We do it by developing integrated, interactive, involved and caring relationships among teachers, students, guardians and employers.
United International University (UIU) offers a comprehensive admission process, welcoming students into diverse programs that foster academic growth and real-world skills, set in a supportive and innovative educational environment.
UIU Offers 12 undergraduate programs from 4 different schools
UIU Offers 5 graduate programs from 3 different schools
From different centers and institutes UIU offers over 40 short professional courses.
United International University (UIU) is acclaimed for its educational quality, boasting notable rankings and recognitions in higher education, reflecting its commitment to academic and research excellence on both a national and global scale.
Stay Updated: Explore the Latest Notices from UIU for Key Information on Academic Schedules, Upcoming Events, and Essential University Announcements. Keep Informed, Stay Ahead!
Final Exam Schedule – Spring 2026 Semester
NOTICE REGARDING LIBRARY AND STUDY ROOM
Loan Application for Summer 2026 Trimester
[Revised] Final Exam Schedule – Spring 2026 Trimester
HOLIDAY NOTICE : HOLY EID-UL-ADHA
Explore UIU's Vibrant Campus Life: Check Out Upcoming Events, Workshops, and Gatherings. Connect, Learn, and Grow with Our Engaging University Events and Activities!
Discover the Latest: Dive into UIU's Current News, Featuring Exciting Developments, Achievements, and Stories. Be in the Know with Our University's Vibrant Community and Events
Immerse in UIU's Campus Life: Experience Our Dynamic Community through Cultural Events, Clubs, Sports, and Social Activities. Discover, Participate, and Enrich Your University Journey!
UIU in Digital and Print Media: Explore Our Impactful Presence Both Online and Offline. Discover Our Stories, Achievements, and News Features Showcased in Various Media Outlets.
cross disciplinary boundaries
with multidisciplinary research
sponsored research budget",United International University (UIU),https://www.uiu.ac.bd/,general,0,2026-06-16T08:12:03.623381
"United International University is established with the generous support and patronage of the United Group, a very successful conglomerate operating in diverse business areas in Bangladesh.
Full Time Faculty Members
United International University is a private university approved by the Government of the People’s Republic of Bangladesh and University Grants Commission (UGC) of Bangladesh.
The vision of UIU is to become the center of excellence in teaching, learning and research in the South Asian region.
The mission of UIU is to create excellent human resources with intellectual, creative, technical, moral and practical skills to serve community, industry and region.
The permanent campus of UIU has been built on a plot of 25-bigha land located at the “United City”, Madani Avenue, Badda (2.5 km east of US Embassy) comprehensively. The University had shifted to its permanent campus and started all its academic & administrative activities from February 2018.
Vision Mission Goals
General Information
Guiding Principles
Ranking & Accreditation",About UIU - United International University (UIU),https://www.uiu.ac.bd/about-uiu/,about,0,2026-06-16T08:12:04.489218
"Vision Mission Goals
General Information
Guiding Principles
Ranking & Accreditation
The vision of UIU is to become the center of excellence in teaching, learning and research in the South Asian region.
The mission of UIU is to create excellent human resources with intellectual, creative, technical, moral and practical skills to serve community, industry and region. We do it by developing integrated, interactive, involved and caring relationships among teachers, students, guardians and employers.
To realize this mission and vision, the goals of UIU are as follows:
To provide state of the art and standard education as preparation for higher studies or future employment in positions of responsibility across a worldwide range of ICT, Business, Social and Public Organizations.
To make available internationally recognized education in Bangladesh and to develop our graduates up to international standard through getting accreditation of internationally recognized accreditation bodies.
To use modern instructional techniques and technology to the best advantage to enhance and enrich students’ achievements of their educational and career goals as well as socio-economic development of the country.
To establish joint degree programs with different renowned universities of USA, UK, Canada and Australia to facilitate quality education and also to make foreign degrees available to the students while staying in Bangladesh at an affordable cost.
To provide educational opportunities to persons already employed or engaged in business allowing them to pursue undergraduate and graduate programs without interrupting their careers and without any compromise of quality education.
To create congenial academic environment for the youth that is free from political and other disturbances for their intellectual advancement.
To use information technology in all phases of academic as well as administrative aspects of the university program to ensure free and transparent flow of information.
To undertake such additional programs and activities as are essential to the achievement of the above listed objectives.",Vision Mission Goals - United International University (UIU),https://www.uiu.ac.bd/about-uiu/vision-mission-goals/,about,0,2026-06-16T08:12:05.322939
"Vision Mission Goals General Information Guiding Principles Ranking & Accreditation Top Ten Facts on UIU Top-notch Faculty At United International University (UIU), we take immense pride in our distinguished faculty, a cornerstone of our academic excellence. Our faculty pool boasts some 225 dedicated full-time members, including more than 60 PhD holders, who bring a wealth of knowledge and research experience to our vibrant learning community. Additionally, our academic team is enriched by experienced part-time faculty members, from both academia and industry, ensuring a dynamic and diverse educational environment. Together, they are committed to fostering innovation, critical thinking, and academic rigor, empowering our students to excel and lead in their chosen fields. Leader in Research and Innovation UIU’s dynamic research environment nurtures creativity, discovery, and excellence. Our commitment to research and innovation is exemplified by the Institute for Advanced Research (IAR), established in 2019 and led by Professor Emeritus Dr. M. Rezwan Khan, a three-time former Vice Chancellor. IAR fosters a robust culture of research involving researchers from all over the world with substantial funding. Since its inception, IAR has funded hundreds of projects, with participation of researchers from home and abroad, spending a substantial amount of money. Besides some 50 departmental labs, UIU has several specialized research institutes and centers. Among others, the Institute for Research, Innovation, Incubation, and Commercialization (IRIIC), the University Innovation Hub (UIH), the Center for Energy Research (CER), and the Center for Smart Infrastructure Resilience and Sustainability (CSIRS) etc. are pivotal in driving groundbreaking research and technological advancements for our university. Ranking and Accreditation We take pride in our impressive ranking and accreditations, highlighting our commitment to academic excellence. UIU is ranked 3 rd among Bangladeshi private universities and 5 th among all universities in the country in the QS World Rankings 2024. In THE IMPACT Rankings, UIU was ranked in the world in the SDG-1 category from 2020 to 2023 and came out 2 nd among all universities of Bangladesh in 2024. UIU Business School is accredited by the globally renowned US-based ACBSP, unconditionally for 10 years. Additionally, its BBA in AIS program is ACCA-accredited as well. Furthermore, the CSE and EEE programs under the School of Science and Engineering are accredited by the Institution of Engineers, Bangladesh (IEB). These recognitions emphasize our dedication to maintaining high educational standards and fostering an environment that supports both academic and professional growth. Campus infrastructure Our state-of-the-art campus,",Why Choose UIU - United International University (UIU),https://www.uiu.ac.bd/about-uiu/why-uiu/,about,0,2026-06-16T08:12:06.165068
"as well. Furthermore, the CSE and EEE programs under the School of Science and Engineering are accredited by the Institution of Engineers, Bangladesh (IEB). These recognitions emphasize our dedication to maintaining high educational standards and fostering an environment that supports both academic and professional growth. Campus infrastructure Our state-of-the-art campus, built in the heart of Dhaka city on a plot of 25-Bigha land, stands as a testament to our commitment to providing an exceptional educational environment. With an impressive floor space of 7,04,975 sq. ft. our 12-story building, which can be raised up to 20-story, is equipped with modern facilities that cater to the diverse needs of our students and faculty. In addition to our cutting-edge academic and research spaces, our campus features a lush, green playground covering 2,30,400 sq. ft. offering a serene and refreshing atmosphere for relaxation and recreation. Explore our campus and discover an inspiring setting designed to nurture innovation, learning, and holistic development. Trending technologies At United International University (UIU), we integrate cutting-edge technologies into our curricular, co-curricular, and administrative activities to enhance the educational experience and ensure efficient university management. Among the key technologies we employ includes UCAM (University Comprehensive Academic Manager) which facilitates the automation of various university processes, including admission, course registration, billing, grading, scholarships, fees and waiver management. It offers a centralized platform for managing academic and administrative tasks efficiently. Our eLMS (eLearning Management System) platform supports online learning by allowing faculty to upload course materials, track student progress, and manage assignments and quizzes. This system ensures that students can access educational resources and assessments anytime, anywhere. We also have a RFID-based entry-exit and student attendance system. Facilities and Services United International University (UIU) offers a range of facilities to enhance the academic and extracurricular experiences of its students. The huge campus features a large playground dedicated for various sports, indoor games room, a well-furnished canteen with multiple vendors, and a dedicated coffee shop. The UIU Library (Shaheed Irfan Bhuiyan Library) is a key resource center with over 16,000 volumes, 3,500 electronic books, and access to over 12,000 proceedings and 7,753 copies of journals and periodicals in digital format. Additionally, the university provides free Wi-Fi, licensed Cadence tool-sets for engineering students, and advanced laboratory facilities to support practical learning and research. Scholarships and Financial Aids United International University offers a diverse range of scholarships and waivers to support students in achieving their",Why Choose UIU - United International University (UIU),https://www.uiu.ac.bd/about-uiu/why-uiu/,about,1,2026-06-16T08:12:06.165068
"of journals and periodicals in digital format. Additionally, the university provides free Wi-Fi, licensed Cadence tool-sets for engineering students, and advanced laboratory facilities to support practical learning and research. Scholarships and Financial Aids United International University offers a diverse range of scholarships and waivers to support students in achieving their academic goals. Merit-based scholarships range from 25% to 50% for new admissions based on previous academic performance, and 50% to 100% for talented programmers. Students with diploma degrees also receive 25% scholarships at the time of admission to continue their education at UIU. After admission, top 10% of the students receive 25% to 100% merit scholarship, based on their results, in each trimester/semester. To promote inclusivity and support various groups, UIU also provides tuition and other fees waiver for meritorious and poor students from underdeveloped regions, children of freedom fighters, and students from ethnic groups, tribal communities, and those with physical disabilities. Additionally, there are waivers for siblings/spouse, siblings of alumni, and UIU alumni themselves. Employees and their immediate families, both current and former, also benefit from tuition fee waivers. Other waivers include those for Bangladesh government employees, corporate employees, United Group employees, and foreign students. Financial aid is also available from the BoT Fund for students in need. Career Support & Alumni Network We take pride in offering career support to our students. Our dedicated Directorate of Career Counseling and Student Affairs (DCCSA) ensures that students receive comprehensive career guidance and counseling. We organize a myriad of workshops, seminars, and training sessions to help students navigate their career paths effectively. We also arrange internships for our graduating students in different companies to get practical exposure to real-life environment. Moreover, UIU annually hosts one of the largest job fairs in the region, featuring more than 100 top employers. This event provides an exceptional platform for students to connect with potential employers, gain industry insights, and secure promising job opportunities. Our continuous efforts in career development have established UIU as a leading institution for nurturing future leaders and professionals. Sports and fitness We are dedicated to nurturing the physical well-being and athletic prowess of our students. Our fully-equipped gymnasium (both for male and female students) is equipped with modern fitness machines and equipment to cater to various workout regimes, ensuring that our students can maintain a healthy lifestyle. Additionally, we have a very large playground where students can engage in a",Why Choose UIU - United International University (UIU),https://www.uiu.ac.bd/about-uiu/why-uiu/,about,2,2026-06-16T08:12:06.165068
"athletic prowess of our students. Our fully-equipped gymnasium (both for male and female students) is equipped with modern fitness machines and equipment to cater to various workout regimes, ensuring that our students can maintain a healthy lifestyle. Additionally, we have a very large playground where students can engage in a variety of sports and recreational activities like football and cricket. This combination of fitness facilities and extensive outdoor space supports a balanced and active campus life, encouraging students to excel both academically and physically. Clubs and Forums At United International University, we believe in the holistic development of our students, and our vibrant campus life reflects this commitment. With over 25 active clubs, forums, societies, and associations, UIU offers a dynamic platform for students to engage in co-curricular and extracurricular activities. These clubs cover a diverse range of interests including cultural activities, social services, entrepreneurship, technology, and sports. Each club is designed to help students cultivate leadership skills, explore their passions, and build a strong network within the university community. Join us at UIU and become a part of the thriving, supportive, and engaging environment that nurtures your personal and professional growth.",Why Choose UIU - United International University (UIU),https://www.uiu.ac.bd/about-uiu/why-uiu/,about,3,2026-06-16T08:12:06.166074
"Vision Mission Goals
General Information
Guiding Principles
Ranking & Accreditation
United International University (UIU) is a private university approved by the Ministry of Education,  People’s Republic of Bangladesh on 2nd June 2003 and started functioning from Fall 2003. UIU is also approved by the University Grants Commission (UGC) of Bangladesh.
United International University is established with the generous support and patronage of the United Group , a very successful conglomerate operating in diverse business areas in Bangladesh.
Subsidiaries of United Group
United Enterprises & Co. Ltd.
United Hospital Limited
Khulna Power Company Ltd.
United Rotospin Ltd.
United International University
United Makkah Madina Travel & Assistance Co. Ltd.
United Management & Trading Services Ltd.
United Polymers Ltd.
United Land Port Teknaf Ltd.
United Elevator World Ltd.
United Heavy Equipment & Rental Services Ltd.
Neptune Land Development Limited
Neptune Properties
United Power Generation & Distribution Co. Ltd.
United Property Solutions Ltd.
United City Twin Tower Developers Ltd.
United Ashuganj Power Ltd.
United Engineering & Power Services Ltd.",General Information - United International University (UIU),https://www.uiu.ac.bd/about-uiu/general-information/,about,0,2026-06-16T08:12:07.220039
"Vision Mission Goals
General Information
Guiding Principles
Ranking & Accreditation
To fulfill its mission, UIU applies the following guiding principles:
Study and students should be the first priority and the primary function of faculty/staff/administration. It should be motivated towards helping the students in succeeding academically and in the transition from university life to productive members of society.
To hire highly qualified and nationally and internationally reputed teachers to teach courses relevant to a continuously changing environment.
To provide the necessary infrastructural and logistic support and a campus environment conducive to teaching and learning endeavors.
To search out new trends in education in developed countries, identifying the trend and evaluating their adaptability in Bangladesh- to keep constant updating of the standard of education.
To establish joint degree and credit transfer programs with renowned universities abroad to facilitate quality education and to make foreign degrees available to the students staying in home country.
To conduct and support research for the advancement of knowledge and socio-economic development of the country through application of technology oriented knowledge.
To contribute to moral and ethical development of the students for creation of a society, which will be free from corruption and enduring and respecting each other for co-existence in peace and harmony in good environment in the society.
To disseminate knowledge under the coverage of ethical, human and rational approach reflecting national heritage, values and principles of Bangladesh with a view to producing graduates who will be sound professionally and upright morally.
To create an opportunity to have education, for all groups of people in the country including general people, rural, urban and fresh students as well as jobholders through on campus, online and distance learning education .",Guiding Principles - United International University (UIU),https://www.uiu.ac.bd/about-uiu/guiding-principles/,about,0,2026-06-16T08:12:08.782772
"Vision Mission Goals
General Information
Guiding Principles
Ranking & Accreditation
United International University (UIU) is a top-ranked University in Bangladesh. With only 12 undergraduate and 6 graduate programs, UIU achieved the position within a short period of time.",Ranking & Accreditation - United International University (UIU),https://www.uiu.ac.bd/about-uiu/ranking-accreditation/,about,0,2026-06-16T08:12:09.599787
"United International University (UIU) offers a transformative education experience. With state-of-the-art facilities, a vibrant campus life, and a focus on innovative research, UIU prepares students for global success. Join UIU to unleash your potential in an environment that fosters academic excellence and personal growth.
Full Time Faculty Members
Tuition Fees Waiver/Scholarship
Undergraduate Programs
In 4 different schools, UIU offers a total of 12 undergraduate programs. BBA, BBA in AIS, Economics, Civil Engineering, CSE, EEE, Data Science, EEE, Environment and Development Studies (EDS), Media Studies and Journalism (MSJ), English, Pharmacy and Biotechnology & Genetic Engineering.
Graduate Programs
In 3 different schools, UIU offers a total of 5 graduate programs. The list of programs are MBA, EMBA, MSc in CSE, MS in Economics (MSECO), MS in Development Studies (MDS)
List of Scholarships & Waiver
Every Trimester/Semester Top 10% students get 25%-100% tuition fee waiver based on previous results and trimester results. UIU provides about 10 to 12 crore taka as scholarship in every year, one of the highest amongst the private university. If you are a committed student, take the challenge and build your future with UIU.
Scholarship, Tuition and Other Fees, Waiver Policy
Undergraduate Programs
Graduate Programs
Admission Requirements
Admission Procedure
Credit Transfer to UIU
Direct Admission Notice
International Students
Admission Test Result",Admission - United International University (UIU),https://www.uiu.ac.bd/admission/,admission,0,2026-06-16T08:12:10.704966
"Undergraduate Programs
School of Business and Economics (SoBE)
Bachelor of Business Administration (BBA)
BBA in Accounting and Information Systems (BBA in AIS)
Bachelor of Science in Economics
School of Science and Engineering (SoSE)
B.Sc. in Civil Engineering (CE)
B.Sc. in Computer Science and Engineering (CSE)
B.Sc. in Data Science (BSDS)
B.Sc. in Electrical and Electronic Engineering (EEE)
School of Humanities and Social Sciences (SoHSS)
BSS in Environment and Development Studies program (BSSEDS)
BSS in Media Studies and Journalism (MSJ)
School of Life Sciences (SoLS)
Bachelor of Pharmacy (B. Pharm.)
Bachelor of Science in Biotechnology and Genetic Engineering (BSBGE)",Undergraduate Programs - United International University (UIU),https://www.uiu.ac.bd/admission/undergraduate-program/,admission,0,2026-06-16T08:12:11.486013
"Graduate Programs
Students completing undergraduate programs from UIU having a minimum CGPA of 2.00 will be eligible to get admission to any graduate programs without appearing at the Admission Test.
School of Business & Economics (SoBE)
Master of Business Administration (MBA)
Executive MBA (EMBA)
Master of Science in Economics
Master in International Human Resource Management (MIHRM)
School of Science & Engineering (SoSE)
M.Sc. in Computer Science & Engineering (MSCSE)
School of Humanities and Social Sciences (SoHSS)
Master in Development Studies (MDS)",Graduate Programs - United International University (UIU),https://www.uiu.ac.bd/admission/graduate-program/,admission,0,2026-06-16T08:12:12.291211
"Admission Test Procedure Admission Test Result Admission Requirements Date of Admission Test Admission Procedure Direct Admission Notice Credit Transfer to UIU Undergraduate Programs Admission & Registration Procedure Graduate Programs Admission Test Syllabus Admission Advertisements Tuition Fees & Payment Policies Scholarship, Tuition and Other Fees, Waiver Policy Payment Policies Payment Procedure Tuition Fees & Waivers Scholarship, Tuition and Other Fees, Waiver Policy Payment Policies Payment Procedure Tuition Fees & Waivers UNDERGRADUATE ADMISSION REQUIREMENTS The minimum qualification for admission into an undergraduate program is: 1. A minimum GPA of 2.5/2nd division/equivalent grade in SSC and HSC or equivalent public examinations. Students with GPA 2.00 in any examination either SSC or HSC, however, must have a minimum GPA of 6.00 totalling the GPA of both the examinations. 2. O-level students must have completed a minimum of 5 subjects with Average Grade Point of 2.50 or above and A-level students a minimum of 2 subjects with Average Grade Point of 2.00 or above (scale A=5, B=4, C=3, D=2, E=1) 3. For admission to BSEEE/CSE/BSDS/Civil programs, students must have passed in Physics and Mathematics in HSC/Diploma/A-Level or equivalent exams. 4. The students, who are sons/daughters of freedom fighters, will be eligible for getting admission if they have a minimum GPA of 5.00 totalling the GPA of SSC and HSC Examinations. Such students, however, have to submit the copy of authenticated Certificate as the proof of his/her father/mother’s identity as a freedom fighter. 5. Candidates must have passed HSC/Diploma or equivalent exams/A-level within five (5) years of the result publication to be eligible to apply for any undergraduate program (except B.Phram). If the study gap exceeds five years, the applicant must submit a written application stating the reason. The concerned authority will review the case and make a decision accordingly. Such students will have to sit for both the written admission test and the interview. 6. Students from HSC/Diploma or equivalent exams/ A-Level backgrounds whose results have not yet been published are also eligible to sit for the admission test and interview under the “appeared” category. However, he/she must submit the final result before admission at UIU. Without the HSC/Diploma or equivalent examination/A-Level final result, no admission will be granted. 7. Every student must sit for the Admission Test, as follows: (a) Interview Only: Students who have GPA 5.00 in HSC or equivalent exams, 4 A’s in O-Level (with a minimum GPA of 2.5 in O-Level",Admission Requirements - United International University (UIU),https://www.uiu.ac.bd/admission/admission-requirements/,admission,0,2026-06-16T08:12:13.139813
"UIU. Without the HSC/Diploma or equivalent examination/A-Level final result, no admission will be granted. 7. Every student must sit for the Admission Test, as follows: (a) Interview Only: Students who have GPA 5.00 in HSC or equivalent exams, 4 A’s in O-Level (with a minimum GPA of 2.5 in O-Level and 2.0 in A-Level), or a minimum SAT-I score of 1000 (with valid SSC/O-Level and HSC/A-Level qualifications) will be required to appear only for the interview. (b) Written Test and Interview: All students will have to sit for written test and appear at interview except those mentioned in (a). 8. Acceptable score in UIU Admission Test. 9. GED result will not be accepted. Bachelor of Pharmacy (B.Pharm.) 1. SSC and HSC Result: Candidates are required to have a minimum aggregate GPA of 8.00 (out of 10) in SSC/Equivalent and HSC/Equivalent examinations. Specifically, they must achieve a minimum GPA of 3.50 (out of 5) in the Science group in both examinations. 2. In HSC/Equivalent examination : Candidates must achieve a minimum GPA of 3.50 in Chemistry and Biology and 3.00 in Physics and Mathematics . However, candidates without Mathematics/having GPA below 3.0 in HSC/ recognized equivalent examination can be admitted but need to take an additional 3 credit course in Mathematics during B. pharm. study. 3. HSC Passing year: Candidates must have completed the admission process within three years from the year of publication of their HSC/Equivalent examination results. For example, candidates applying for the Fall 2025 semester must have passed their HSC/recognized equivalent examination in 2024 or 2023. 4. “A” Level Candidates: Candidates with A-level must have a minimum grade of “B” in Chemistry and Biology , and a minimum grade of “C” in Physics and Mathematics in both exams. However, candidates without Mathematics/having GPA below 3.0 in HSC/ recognized equivalent examination can be admitted but need to take an additional 3 credit course in Mathematics during B. Pharm. study. 5. Foreign Students: Foreign students must have completed 12 years of education and obtained equivalent grades in examinations recognized by relevant foreign institutions. They are required to obtain an equivalence certificate from the Pharmacy Council before application for admission. 6. Note: Students who pass the written admission test may need to have viva voce (oral interview) as part of the admission selection process. 7. Acceptable score in UIU Admission Test. BSc. in Biotechnology and Genetic Engineering (BSBGE) 1. Minimum GPA",Admission Requirements - United International University (UIU),https://www.uiu.ac.bd/admission/admission-requirements/,admission,1,2026-06-16T08:12:13.139813
certificate from the Pharmacy Council before application for admission. 6. Note: Students who pass the written admission test may need to have viva voce (oral interview) as part of the admission selection process. 7. Acceptable score in UIU Admission Test. BSc. in Biotechnology and Genetic Engineering (BSBGE) 1. Minimum GPA 6.0 (out of 10) in SSC/ “O” level/equivalent and HSC/ “A” level/equivalent examinations. 2. Minimum GPA 2.5 (on a scale of 5.00) separately in both examinations from Science group. 3. Minimum GPA 3.00 in Biology and Chemistry separately in SSC/ “O” level/equivalent and HSC/”A” level/equivalent examinations. GRADUATE ADMISSION REQUIREMENTS The minimum qualification for admission into a graduate program is: The terms & conditions of undergraduate programs mentioned above will be applicable for admission to graduate programs. A relevant undergraduate degree from a recognized university with a GPA of 2.00 or above in a scale of 4.0 Applicants without Science group in HSC or equivalent level will not be considered for MSCSE UIU admission. A relevant Bachelor Degree with at least second divisions/classes in all previous exams. Students completing undergraduate programs from UIU having a minimum CGPA of 2.00 will be eligible to get admission to any graduate program without appearing at the Admission Test. Different departments may have some additional requirements. Some students may be required to complete some additional preparatory courses at UIU before they start their Master’s programs.,Admission Requirements - United International University (UIU),https://www.uiu.ac.bd/admission/admission-requirements/,admission,2,2026-06-16T08:12:13.139813
"Admission Test Procedure Admission Test Result Admission Requirements Date of Admission Test Admission Procedure Direct Admission Notice Credit Transfer to UIU Undergraduate Programs Admission & Registration Procedure Graduate Programs Admission Test Syllabus Admission Advertisements Tuition Fees & Payment Policies Scholarship, Tuition and Other Fees, Waiver Policy Payment Policies Payment Procedure Tuition Fees & Waivers Scholarship, Tuition and Other Fees, Waiver Policy Payment Policies Payment Procedure Tuition Fees & Waivers Admission Form is available at UIU Admission Office in working days between 9:00 AM to 3:00 PM. on payment of Tk. 1000/= (Non-Refundable). Admission Form is also available in online. You can purchase, submit and print Admit Card from online ( admission.uiu.ac.bd ) You would not require submission of any documents of previous exams before admission. You can print Admit Card from Online or from Admission Office. Only candidates of MSECO, MDS, MSCSE & EMBA programs shall have to bring all academic certificates, transcripts & job experience certificate(s) at the time of Viva Voce. Admission fee Tk. 20,000.00 (Non-Refundable) Caution Money for ID Card Tk. 2000.00 (Refundable) payable at the time of taking admission. Required Documents during admission time: i) Certificates, Marks sheet, Testimonials of all previous examinations. ii) 1 copy of recent Passport-sized photograph (which you uploaded online. iii) For Diploma graduates, all semester-wise Marks sheet. iv) For EMBA program, certificate of 2 years’ Job Experience. v) Students own NID / Birth Certificate/ Passport Copy & National ID Card of Father / Mother. vi) The signature of Father / Mother / Guardian is mandatory on the Admission Form. If anyone puts his / her signature as a guardian, the photocopy of National ID Card of the signatory has to be submitted in the Admission Office. vii) Presence of Mother/Father/Guardian is a must at the time of admission of an undergraduate student. Admission fee Tk. 20,000.00 (Non-Refundable) Caution Money for ID Card Tk. 2000.00 (Refundable) payable at the time of taking admission. Required Documents during admission time: Admission fee Tk. 20,000.00 (Non-Refundable) Caution Money for ID Card Tk. 2000.00 (Refundable) payable at the time of taking admission. Required Documents during admission time: i) Certificates, Marks sheet, Testimonials of all previous examinations. ii) 1 copy of recent Passport-sized photograph (which you uploaded online. iii) For Diploma graduates, all semester-wise Marks sheet. iv) For EMBA program, certificate of 2 years’ Job Experience. v) Students own NID / Birth Certificate/ Passport Copy & National",Admission Procedure - United International University (UIU),https://www.uiu.ac.bd/admission/admission-procedure/,admission,0,2026-06-16T08:12:14.374975
"time: i) Certificates, Marks sheet, Testimonials of all previous examinations. ii) 1 copy of recent Passport-sized photograph (which you uploaded online. iii) For Diploma graduates, all semester-wise Marks sheet. iv) For EMBA program, certificate of 2 years’ Job Experience. v) Students own NID / Birth Certificate/ Passport Copy & National ID Card of Father / Mother. vi) The signature of Father / Mother / Guardian is mandatory on the Admission Form. If anyone puts his / her signature as a guardian, the photocopy of National ID Card of the signatory has to be submitted in the Admission Office. vii) Presence of Mother/Father/Guardian is a must at the time of admission of an undergraduate student. Selected candidates can take admission at UIU Admissions Office after paying requisite Admission Fee (Tk. 20,000) and Caution Money for ID Card (Tk. 2,000 – refundable) in cash at UIU Finance & Accounts Office on Saturday to Wednesday in a week during 09.00 AM to 3.00 PM (Except Govt. Holidays). Required Documents: Candidates, who will take admission by visiting UIU Campus, must submit the attested photocopies of all Certificates, Testimonials & Transcripts/Mark Sheets, National ID Card/Birth Registration Certificate/Copy of Passport of the candidate, National ID Card of Father/Mother, One copy of passport-sized photograph (which is uploaded online) to the UIU Admissions Office at the time of taking admission. Candidates, who will take admission via online, are required to send the following information and scanned copies of attested photocopies of their academic and other documents to the email address – admissions@uiu.ac.bd Information to be mentioned in the email : Name of the selected candidate, Admission Test ID, Payment ID (Admission form), mobile number; and the name of the desired program for admission. Documents to be attached in the email : Certificates, Mark sheets/Transcript and Testimonials for all Examinations, student’s National ID card/Birth registration Certificate/Passport copy , National ID card of the student’s father/mother. Students who have completed a 4-year diploma must submit all semester-wise mark sheets. Additionally, applicants to the EMBA program must provide a certificate verifying a minimum of two years of work experience. After the initial verification of the documents, the UIU Admission Office will notify you to pay the admission fee. After receiving notification from the Admissions Office, the candidate must log in to https://admission.uiu.ac.bd using the username and password provided during the submission of the Admission Form. Once logged in, the “ Pay",Admission Procedure - United International University (UIU),https://www.uiu.ac.bd/admission/admission-procedure/,admission,1,2026-06-16T08:12:14.374975
"initial verification of the documents, the UIU Admission Office will notify you to pay the admission fee. After receiving notification from the Admissions Office, the candidate must log in to https://admission.uiu.ac.bd using the username and password provided during the submission of the Admission Form. Once logged in, the “ Pay Admission Fee ” button will be visible on the homepage. The candidate should then pay the total Admission Fee of Tk. 22,000 (Tk. 20,000 as admission fee, and Tk. 2,000 as caution money for ID card – refundable) using any of the following payment methods: Credit/Debit Cards (Visa, MasterCard, Amex, DBBL Nexus), Mobile Banking services (Bkash, Rocket, UPay, SureCash, t-Cash, etc.), or Internet Banking (AB Bank, City Bank, iPay, etc.). Please note that a service charge will apply for online payments. Please note that discrepancy in any document of a student may lead to cancellation of admission of the concerned student at any time. Candidates, who will take admission via online, would also require to submit the attested photocopies of above-mentioned documents as well as One passport-size photograph (to be uploaded online) before classes begin. Students would be required to pay an amount of Tk. 20,000/- as a partial payment of tuition fees before registration of courses each trimester/semester. Trimester-based students will have to pay the rest of their tuition & trimester fee in three installments at 40%, 30% and 30% rates respectively. While the Semester-based students will pay it in four equal installments at 25% rate. Calculation of Trimester Tuition Fee = No. of credits taken X Fee per credit + Taka 6500.00 (Trimester fee.) Calculation of Semester Tuition Fee = No. of credits taken X Fee per credit + Taka 9750.00 (Semester fee.) Laboratory Fee: B. Pharm (Tk. 5,000 per semester) and for BSBGE (Tk. 2,000/- per trimester) Students would be required to pay an amount of Tk. 20,000/- as a partial payment of tuition fees before registration of courses each trimester/semester. Trimester-based students will have to pay the rest of their tuition & trimester fee in three installments at 40%, 30% and 30% rates respectively. While the Semester-based students will pay it in four equal installments at 25% rate. Calculation of Trimester Tuition Fee = No. of credits taken X Fee per credit + Taka 6500.00 (Trimester fee.) Calculation of Semester Tuition Fee = No. of credits taken X Fee per credit + Taka 9750.00 (Semester fee.)",Admission Procedure - United International University (UIU),https://www.uiu.ac.bd/admission/admission-procedure/,admission,2,2026-06-16T08:12:14.374975
"Semester-based students will pay it in four equal installments at 25% rate. Calculation of Trimester Tuition Fee = No. of credits taken X Fee per credit + Taka 6500.00 (Trimester fee.) Calculation of Semester Tuition Fee = No. of credits taken X Fee per credit + Taka 9750.00 (Semester fee.) Laboratory Fee: B. Pharm (Tk. 5,000 per semester) and for BSBGE (Tk. 2,000/- per trimester) Applications of course waiver/credit transfer must be submitted to respective departments during registration for courses for 1 st trimester. For obtaining course waiver /credit transfer minimum grade must be B. Individual departments may have some additional requirements. After Admission: Students would be required to pay an amount of Tk 20,000/- as a partial payment of tuition fees before registration of courses. Classes for all undergraduate programs in the Summer 2026 trimester will commence on Tuesday, July 07, 2026. Classes for graduate programs will begin on Friday, July 10, 2026. The Bachelor of Pharmacy (B. Pharm) program for the Fall 2026 semester will commence on August 04 (Tuesday), 2026. Course Advising /Registration / Date of Orientation Program will be published on the UIU Website. The schedule for payment of tuition fee will be announced through ‘Notices’ to be posted on the UIU Notice Boards/Website. Payment mode: Cash/ Cheque / Pay-order Bank List for Tuition Fees:Online Banks: Southeast Bank (SEBL) , Any Branch, Bangladesh City Bank (CBL), Any Branch, Bangladesh Dhaka Bank (DBL), Any Branch, Bangladesh Social Islami bank Ltd. (SIBL), Vatara Branch, Natun Bazar, Badda, Dhaka Southeast Bank (SEBL) , Any Branch, Bangladesh City Bank (CBL), Any Branch, Bangladesh Dhaka Bank (DBL), Any Branch, Bangladesh Social Islami bank Ltd. (SIBL), Vatara Branch, Natun Bazar, Badda, Dhaka As per Private University Act 2010, 3% of the total admitted students will get the opportunity to avail 100% tuition fee waiver under Freedom Fighter’s Children Quota. The students interested to avail this opportunity would be required to submit the application to the Registrar’s Office within 2 (two) weeks of the beginning of classes. After Admission you may contact with the following persons for any sort of queries:",Admission Procedure - United International University (UIU),https://www.uiu.ac.bd/admission/admission-procedure/,admission,3,2026-06-16T08:12:14.374975
"Admission Test Procedure
Admission Test Result
Admission Requirements
Date of Admission Test
Admission Procedure
Direct Admission Notice
Credit Transfer to UIU
Undergraduate Programs
Admission & Registration Procedure
Graduate Programs
Admission Test Syllabus
Admission Advertisements
Tuition Fees & Payment Policies Scholarship, Tuition and Other Fees, Waiver Policy Payment Policies Payment Procedure Tuition Fees & Waivers
Scholarship, Tuition and Other Fees, Waiver Policy
Payment Policies
Payment Procedure
Tuition Fees & Waivers
Admission Test Procedure
Prospective candidates applying for admission to UIU’s Undergraduate Programs will be evaluated based on their performance in the admission test, as well as their HSC (or equivalent) and SSC (or equivalent) exam results. The admission test syllabus will be based on SSC and HSC levels. Scores from these exams will be weighted, and the total score will be ranked according to the following table:
Please review the admission instructions to determine the sections applicable for you. The admission test question paper will consist of seven (7) sections as listed below:
Comprehension: 05
English Writing: 01
Program-Specific Exam Selection
The Minimum Time is 75 minutes if a student selects only one school, and the Maximum Time is 135 minutes (2 hr, 15 min) if a student  chooses multiple schools  (maximum three schools).
Note that a student can choose a maximum of 3 schools and all their offered programs.
Important Instructions for Applicants
1. Candidates must reach the examination hall at least 30 minutes before the test starts. 2. Use of digital diary, mobile phone and other electronic data storage devices and communicating
devices are strictly prohibited inside the examination hall.
3. Candidates may use only the following designated calculators in the exam hall:
4. Candidates of MSECO, MDS, EMBA & MSCSE shall have to bring all Academic Certificates,                Transcripts & Job Experience Certificates at the time of Viva Voce.
5. The Admit Card has to be produced to the invigilator in the examination hall as well as in            the Admissions Office at the time of admission.",Admission Test Procedure - United International University (UIU),https://www.uiu.ac.bd/admission/admission-test-procedure/,admission,0,2026-06-16T08:12:15.486318
"Tuition Fees & Waivers Undergraduate Program Graduate Program (*) Conditions apply. For undergraduate programs check conditions 1 and 2 and for graduate programs check condition 3 from the link here . UIU Scholarship, Tuition and Other Fees, Waiver Policy UIU provides about 10 to 12 crore taka as scholarship and tuition fee waiver every year, one of the highest amongst the private universities. If you are a committed student, take the challenge and build your future with UIU. Find out the UIU Scholarships, Tuition and Other Fees, Waiver Policy for Undergraduate and Graduate Programs. Admission and other fees (Included in the Above Fees): Admission fee Tk. 20,000/- (non-refundable) as down payment during admission. Caution money for ID Card Tk. 2000/- (refundable) payable at the time of taking Admission. Per Trimester Fee Taka 6500/- & Per Semester Fee Taka 9750/- (B. Pharm) Calculation of tuition fee in each Trimester = Number of Credits Taken × Per Credit Fee + Trimester Fee (Tk. 6,500/-) Calculation of tuition fee in each Semester (For B. Pharm) = Number of Credits Taken × Per Credit Fee + Semester Fee (Tk. 9,750/-) BSBGE students are required to pay a laboratory fee of Tk 2,000/- per trimester, while B. Pharm students must pay a laboratory fee of Tk 5,000/- per semester; both fees are included in the total tuition fees. The following conditions and rules are applied during the calculation of scholarship or tuition fee waiver. Students would be required to pay an amount of Tk. 20,000/- as partial payment of tuition fees before registration of courses in each trimester/semester. Trimester- based students will have to pay the rest of their tuition & trimester fee in three installments at 40%, 30% and 30% rates respectively. While the Semester-based students will pay it in four equal installments at 25% rate. Students, who are entitled to both scholarships (based on trimester/semester exam result) and waivers (academic or non-academic) under the existing policy, will be allowed to avail only the best one from among the scholarships and waivers. Students who apply for an “I” grade or take an improvement exam in a particular trimester/semester will not be eligible for any UIU scholarship in the following trimester/semester. Additionally, students who have appeared for an improvement exam may not be eligible for the Gold Medalist award. Course fee for each retake/repeat will be waived by 50%, only for the first time. Tuition",Tuition Fees & Waivers - United International University (UIU),https://www.uiu.ac.bd/admission/tuition-fees-payment-policies/tuition-fees-waiver/,admission,0,2026-06-16T08:12:16.335445
"in a particular trimester/semester will not be eligible for any UIU scholarship in the following trimester/semester. Additionally, students who have appeared for an improvement exam may not be eligible for the Gold Medalist award. Course fee for each retake/repeat will be waived by 50%, only for the first time. Tuition fee waiver/Scholarship is not applicable for Thesis/Project/Internship/Retake and Repeat courses. *UIU reserves the right to change the policies, fees, curricula, or any other matters without any prior notice Collection of Admission Form : Admission Form is available at UIU Admission Office in working days ( Saturday to Wednesday ) between 9:00 AM to 4:00 PM. on payment of Tk. 1000/= (non-refundable) for one school. An additional fee of Tk. 500/- will be charged for each extra school. * Admission Form is also available on On-line 24/7. ( admission.uiu.ac.bd ) Admission Requirements Direct Admission",Tuition Fees & Waivers - United International University (UIU),https://www.uiu.ac.bd/admission/tuition-fees-payment-policies/tuition-fees-waiver/,admission,1,2026-06-16T08:12:16.335445
"Scholarship, Tuition and Other Fees, Waiver Policy To qualify for this scholarship in the first trimester/semester, an applicant must have the following grades: a) GPA 5.00 in SSC (with 4 th subject) and GPA 5.00 in HSC (without 4 th subject) or in equivalent public exams: 50% b) GPA 4.50 in SSC (with 4 th subject) and GPA 5.00 in HSC (with 4 th subject) or in equivalent public exams: 25% Credit registration requirement In order to qualify for scholarship under this category, students of undergraduate programs must register a minimum number of credits in each qualifying trimester/semester, including in first trimester/semester, as follows: A. BBA, BBA in AIS, BSECO: 09 credits B. BSCSE, BSEEE, BSDS: 09 credits C. B.Sc. in CE: 09 credits D. BSSEDS, BSSMSJ, BA in English: 09 credits E. B. PHARM: 14 credits F. BSBGE: 09 credits Grade requirement Students availing scholarship in the undergraduate programs under this category in the 2 nd and following trimesters/semesters will have to obtain a minimum GPA of 3.50 in the qualifying trimester/semester examination for continuation of the scholarship in the following/scholarship-receiving trimester/semester. Other conditions This scholarship is not applicable for Thesis, Project, Internship, Retake and Repeat courses. To qualify for this scholarship in the first trimester/semester, an applicant must have the following grades: a) Five (5) A in O-level and Two (2) A in A-level: 50% [For availing this scholarship by the SoSE admittees, the applicant must have an A in A-level exam either in Physics or in Mathematics] [For availing this scholarship by the SoLS admittees, the applicant must have an A in A-level exam either in Biology or in Chemistry] b) Five (5) A in O-level and One (1) A in A-level: 25% [For availing this scholarship by the SoSE admittees, the applicant must have a B in A-level exam either in Physics or in Mathematics] [For availing this scholarship by the SoLS admittees, the applicant must have a B in A-level exam either in Biology or in Chemistry] Credit registration requirement In order to qualify for scholarship under this category, students of undergraduate programs must register a minimum number of credits in each qualifying trimester/semester, including in first trimester/semester, as follows: A. BBA, BBA in AIS, BSECO: 09 credits B. BSCSE, BSEEE, BSDS: 09 credits C. B.Sc. in CE: 09 credits D. BSSEDS, BSSMSJ, BA in English: 09 credits E. B. PHARM: 14 credits F. BSBGE:","Scholarship, Tuition and Other Fees, Waiver Policy - United International University (UIU)",https://www.uiu.ac.bd/admission/tuition-fees-payment-policies/scholarship-tuition-fee-and-other-fees-waiver-policy/,admission,0,2026-06-16T08:12:17.452937
"a minimum number of credits in each qualifying trimester/semester, including in first trimester/semester, as follows: A. BBA, BBA in AIS, BSECO: 09 credits B. BSCSE, BSEEE, BSDS: 09 credits C. B.Sc. in CE: 09 credits D. BSSEDS, BSSMSJ, BA in English: 09 credits E. B. PHARM: 14 credits F. BSBGE: 09 credits Grade requirement Students availing scholarship in the undergraduate programs under this category in the 2 nd and following trimesters/semesters will have to obtain a minimum GPA of 3.50 in the qualifying trimester/semester examination for continuation of the scholarship in the following/scholarship-receiving trimester/semester. Other conditions This scholarship is not applicable for Thesis, Project, Internship, Retake and Repeat courses. To qualify for this scholarship, an applicant must have the following grades: a) GPA 3.50 on Scale of 4.00 in Undergraduate and GPA 4.50 on Scale of 5.00 in HSC level exams or in their equivalent public exams: 25% b) Two First Class/Division in Undergraduate and HSC level exams or in their equivalent public exams: 25% Credit registration requirement In order to qualify for scholarship under this category, students of graduate programs must register a minimum number of 06 (Six) credits in the qualifying trimester/semester, including in first trimester/semester. Grade requirement Students availing scholarship in the graduate programs under this category in the 2 nd and following trimesters/semesters will have to obtain a minimum GPA of 3.50 in the qualifying trimester/semester examination for continuation of the scholarship in the following/scholarship-receiving trimester/semester. Other conditions This scholarship is not applicable for Thesis, Project, Internship, Retake and Repeat courses. a. Top 2% of the total students of a particular program (in order of merit): 100% b. Next 4% in that particular program (in order of merit): 50% c. Next 4% in that particular program (in order of merit): 25% Credit registration requirement for undergraduate students In order to qualify for scholarship under this category, students of undergraduate programs must register a minimum number of credits in the qualifying trimester/ semester, including in first trimester/semester, as follows: A. BBA, BBA in AIS, BSECO: 09 credits B. BSCSE, BSEEE, BSDS: 09 credits C. B.Sc. in CE: 09 credits D. BSSEDS, BSSMSJ, BA in English: 09 credits E. B. PHARM: 14 credits F. BSBGE: 09 credits Credit registration requirement for graduate students In order to qualify for scholarship under this category, students of graduate programs must register a minimum number of 06 (Six) credits in the qualifying","Scholarship, Tuition and Other Fees, Waiver Policy - United International University (UIU)",https://www.uiu.ac.bd/admission/tuition-fees-payment-policies/scholarship-tuition-fee-and-other-fees-waiver-policy/,admission,1,2026-06-16T08:12:17.452937
"09 credits D. BSSEDS, BSSMSJ, BA in English: 09 credits E. B. PHARM: 14 credits F. BSBGE: 09 credits Credit registration requirement for graduate students In order to qualify for scholarship under this category, students of graduate programs must register a minimum number of 06 (Six) credits in the qualifying trimester/semester, including in first trimester/semester. Grade requirement A minimum GPA of 3.50 must be obtained in order to be considered for this scholarship i.e., a student will not qualify for merit scholarship if s/he does not have the GPA of 3.50 even if s/he remains in the top 10% of his/her program in the qualifying trimester/ semester. An eligible student will receive scholarship in the 2 nd and following trimesters/ semesters only for the equal number of credits—based on whose result the scholarship is being awarded—in the following/scholarship-receiving trimester/semester if s/he registers for more credits in the scholarship-receiving trimester/semester. If the student registers for lesser number of credits in the following/scholarship-receiving trimester/semester, s/he will receive scholarship only for the credits registered in the following/scholarship-receiving trimester/semester. Other conditions This scholarship is not applicable for Thesis, Project, Internship, Retake and Repeat courses. [International Olympiad in Informatics – IOI; International Mathematical Olympiad – IMO; International Physics Olympiad – IphO; National Collegiate Programming Contest – NCPC; Bangladesh Informatic Olympiad – BIO; Bangladesh Mathematical Olympiad – BdMO; Bangladesh Physics Olympiad – BDPhO] b. Students who have participated and secured a position among 11 th to 30 th positions in any of the nationally and internationally recognized competitions, as listed by UIU: 75% ; [International Olympiad in Informatics – IOI; International Mathematical Olympiad – IMO; International Physics Olympiad – IphO; National Collegiate Programming Contest – NCPC; Bangladesh Informatic Olympiad – BIO; Bangladesh Mathematical Olympiad – BdMO; Bangladesh Physics Olympiad – BDPhO] c. Students who have qualified for participation in nationally and internationally recognized competitions, as listed by UIU: 50% [International Olympiad in Informatics – IOI; International Mathematical Olympiad – IMO; International Physics Olympiad – IphO; National Collegiate Programming Contest – NCPC; Bangladesh Informatic Olympiad – BIO; Bangladesh Mathematical Olympiad – BdMO; Bangladesh Physics Olympiad – BDPhO] Credit registration requirement for undergraduate students In order to qualify for scholarship under this category, students of undergraduate programs must register a minimum number of credits in the qualifying trimester/semester, including in first trimester/semester, as follows: A. BBA, BBA in AIS, BSECO: 09 credits B. BSCSE, BSEEE, BSDS: 09 credits","Scholarship, Tuition and Other Fees, Waiver Policy - United International University (UIU)",https://www.uiu.ac.bd/admission/tuition-fees-payment-policies/scholarship-tuition-fee-and-other-fees-waiver-policy/,admission,2,2026-06-16T08:12:17.452937
"Credit registration requirement for undergraduate students In order to qualify for scholarship under this category, students of undergraduate programs must register a minimum number of credits in the qualifying trimester/semester, including in first trimester/semester, as follows: A. BBA, BBA in AIS, BSECO: 09 credits B. BSCSE, BSEEE, BSDS: 09 credits C. B.Sc. in CE: 09 credits D. BSSEDS, BSSMSJ, BA in English: 09 credits E. B. PHARM: 14 credits F. BSBGE: 09 credits Credit registration requirement for graduate students In order to qualify for scholarship under this category, students of graduate programs must register a minimum number of 06 (Six) credits in the qualifying trimester/semester, including in first trimester/semester. Grade requirement Students availing scholarship under this category will have to obtain a minimum GPA of 3.50 in the qualifying trimester/ semester examination for continuation of the scholarship in the following/scholarship-receiving trimester/semester. This scholarship can be availed only once—either in an undergraduate program or in a graduate program—and not in both porgrams. Other conditions This scholarship is not applicable for Thesis, Project, Internship, Retake and Repeat courses. Bhutan, India, Maldives, Nepal, Palestine, Maldives, Sri Lanka and Türkiye a. All nominations/applications of scholarship under this category must be processed through the applicant’s respective government/diplomatic mission—upon being offered by UIU, annually. b. A foreign student intending to avail this scholarship must be a citizen of one of the UIU-designated countries. c. The applicants must submit documentary evidence in support of their respective foreign citizenship. d. Academic credentials of these foreign students should be, in general, at par with those of Bangladeshi students admitted to UIU. a. Receiver of this special scholarship will be exempted from paying admission form fee, admission fee, ID card caution money, trimester/semester fee, tuition fee, thesis/ internship/project fee, and transcript/certificate fee. b. This exemption will not be applicable for Retake courses. Credit registration requirement for undergraduate students In order to qualify for scholarship under this category, students of undergraduate programs must register a minimum number of credits in the qualifying trimester/semester, including in first trimester/semester, as follows: A. BBA, BBA in AIS, BSECO: 09 credits B. BSCSE, BSEEE, BSDS: 09 credits C. B.Sc. in CE: 09 credits D. BSSEDS, BSSMSJ, BA in English: 09 credits E. B. PHARM: 14 credits F. BSBGE: 09 credits Credit registration requirement for graduate students In order to qualify for scholarship under this category, students of graduate programs must register a minimum number of","Scholarship, Tuition and Other Fees, Waiver Policy - United International University (UIU)",https://www.uiu.ac.bd/admission/tuition-fees-payment-policies/scholarship-tuition-fee-and-other-fees-waiver-policy/,admission,3,2026-06-16T08:12:17.452937
"09 credits C. B.Sc. in CE: 09 credits D. BSSEDS, BSSMSJ, BA in English: 09 credits E. B. PHARM: 14 credits F. BSBGE: 09 credits Credit registration requirement for graduate students In order to qualify for scholarship under this category, students of graduate programs must register a minimum number of 06 (Six) credits in the qualifying trimester/semester, including in first trimester/semester. Grade requirement Students availing scholarship under this category will have to obtain a minimum GPA of 2.00 in the qualifying trimester/semester examination for continuation of the scholarship in the following/ scholarship-receiving trimester/semester. Other conditions : This scholarship will stand cancelled if a foreign student fails to register for three consecutive trimesters/semesters without any valid reason. a. The applicant must have a four-year diploma degree from an institution under the Technical Board of the Government of Bangladesh. b. Degree verification would be done by UIU for awarding this scholarship. Credit registration requirement In order to qualify for waiver under this category, students of undergraduate programs must register a minimum number of credits in each qualifying trimester/semester, including in first trimester/semester, as follows: A. BBA, BBA in AIS, BSECO: 09 credits B. BSCSE, BSEEE, BSDS: 09 credits C. B.Sc. in CE: 09 credits D. BSSEDS, BSSMSJ, BA in English: 09 credits F. BSBGE: 09 credits Grade requirement Students availing waiver in the undergraduate programs under this category will have to obtain a minimum GPA of 3.00 in the qualifying trimester/semester examination for continuation of the scholarship in the following/waiver-receiving trimester/semester. Other conditions This waiver is not applicable for Thesis, Project, Internship, Retake and Repeat courses. An applicant applying under this category of waiver (tuition and other fees waiver) must fulfil the following criteria: A . Academic requirement (70% weightage): HSC GPA 5.00 with or without 4 th subject, or Five (5) A in O-level and One (1) A in A-level. B. Insolvency requirements (30% weightage): Documents must be submitted in favour of his/her claim of insolvency, including TIN of his/her parent/guardian. The applicant will have to submit his/her financial information in the UIU-prescribed format. The UIU form, which contains financial information of the student, should be co-signed by the student, his/her parent/guardian and by an authorised local government official from his/her place of permanent address, such as Union Parishad Chairperson, Municipality Chairperson or Ward Councillor. The student will also have to submit an affidavit from his/her parent/guardian certifying the financial status","Scholarship, Tuition and Other Fees, Waiver Policy - United International University (UIU)",https://www.uiu.ac.bd/admission/tuition-fees-payment-policies/scholarship-tuition-fee-and-other-fees-waiver-policy/,admission,4,2026-06-16T08:12:17.452937
"of the student, should be co-signed by the student, his/her parent/guardian and by an authorised local government official from his/her place of permanent address, such as Union Parishad Chairperson, Municipality Chairperson or Ward Councillor. The student will also have to submit an affidavit from his/her parent/guardian certifying the financial status of the applicant’s family/guardian. Documents must be submitted in favour of his/her claim of insolvency, including TIN of his/her parent/guardian. The applicant will have to submit his/her financial information in the UIU-prescribed format. The UIU form, which contains financial information of the student, should be co-signed by the student, his/her parent/guardian and by an authorised local government official from his/her place of permanent address, such as Union Parishad Chairperson, Municipality Chairperson or Ward Councillor. The student will also have to submit an affidavit from his/her parent/guardian certifying the financial status of the applicant’s family/guardian. C. Residency requirement : The student must have his/her permanent address in one of the Upazillas classified as having “Very High Poverty Level” according to the ‘Poverty Mapping of Bangladesh’, a publication by the Bangladesh Bureau of Statistics (BBS). BBS publishes this report time to time and the list of Upazillas classified as having “Very High Poverty Level” will, therefore, change accordingly. An application must be supported by the government-approved document(s) to authenticate his/her permanent address. The student must have passed his/her HSC exam from an educational institution located in the upazilla/district of his/her permanent address. The UIU form, which contains the permanent and present address of the student, must be co-signed by the student, his/her parent/guardian and by an authorised local government official from his/her place of permanent address such as Union Parishad Chairperson, Municipality Chairperson or Ward Councillor. The permanent and present addresses provided by the student at the time of admission must match the permanent addresses stated in all other documents submitted, including in the recommendation letters in support of the student’s financial insolvency from the Union Parishad/ Municipality Chairman or the Ward Councillor as well as in the affidavit, etc. The student must have his/her permanent address in one of the Upazillas classified as having “Very High Poverty Level” according to the ‘Poverty Mapping of Bangladesh’, a publication by the Bangladesh Bureau of Statistics (BBS). BBS publishes this report time to time and the list of Upazillas classified as having “Very High Poverty Level” will, therefore, change accordingly. An application must be","Scholarship, Tuition and Other Fees, Waiver Policy - United International University (UIU)",https://www.uiu.ac.bd/admission/tuition-fees-payment-policies/scholarship-tuition-fee-and-other-fees-waiver-policy/,admission,5,2026-06-16T08:12:17.452937
"classified as having “Very High Poverty Level” according to the ‘Poverty Mapping of Bangladesh’, a publication by the Bangladesh Bureau of Statistics (BBS). BBS publishes this report time to time and the list of Upazillas classified as having “Very High Poverty Level” will, therefore, change accordingly. An application must be supported by the government-approved document(s) to authenticate his/her permanent address. The student must have passed his/her HSC exam from an educational institution located in the upazilla/district of his/her permanent address. The UIU form, which contains the permanent and present address of the student, must be co-signed by the student, his/her parent/guardian and by an authorised local government official from his/her place of permanent address such as Union Parishad Chairperson, Municipality Chairperson or Ward Councillor. The permanent and present addresses provided by the student at the time of admission must match the permanent addresses stated in all other documents submitted, including in the recommendation letters in support of the student’s financial insolvency from the Union Parishad/ Municipality Chairman or the Ward Councillor as well as in the affidavit, etc. D. Selection : Eligibility will be determined following the UIU-approved formula of 70% weightage on merit and 30% weightage on the financial status of the student’s family/ guardian. E. Application submission : Application for this waiver can only be made in the first trimester/semester and the application must be submitted within the deadline mentioned in the UIU notice for each trimester/semester. Credit registration requirement In order to qualify for this waiver (tuition and other fees waiver) under this category, students of undergraduate programs must register a minimum number of credits in the qualifying trimester/semester, including in first trimester/semester, as follows: A. BBA, BBA in AIS, BSECO: 09 credits B. BSCSE, BSEEE, BSDS: 09 credits C. B.Sc. in CE: 09 credits D. BSSEDS, BSSMSJ, BA in English: 09 credits E. B. PHARM: 14 credits F. BSBGE: 09 credits Grade requirement A minimum GPA of 3.00 must be obtained in each qualifying trimester/semester in order to continue to be considered for this waiver in the following/scholarship-receiving trimester/semester. Other conditions : This waiver is not applicable for Admission Fee, ID card caution money, Thesis, Project, Internship, and Retake and Repeat courses. a. S/he must be a ward of Freedom Fighter (as defined by the Government of Bangladesh). b. Applications must be supported by government-approved documentary evidence in support of his/her application for waiver under this","Scholarship, Tuition and Other Fees, Waiver Policy - United International University (UIU)",https://www.uiu.ac.bd/admission/tuition-fees-payment-policies/scholarship-tuition-fee-and-other-fees-waiver-policy/,admission,6,2026-06-16T08:12:17.452937
"applicable for Admission Fee, ID card caution money, Thesis, Project, Internship, and Retake and Repeat courses. a. S/he must be a ward of Freedom Fighter (as defined by the Government of Bangladesh). b. Applications must be supported by government-approved documentary evidence in support of his/her application for waiver under this category. Credit registration requirement In order to qualify for waiver (tuition and other fees) under this category, students of undergraduate programs must register a minimum number of credits in the qualifying trimester/semester, including in first trimester/semester, as follows: A. BBA, BBA in AIS, BSECO: 09 credits B. BSCSE, BSEEE, BSDS: 09 credits C. B.Sc. in CE: 09 credits D. BSSEDS, BSSMSJ, BA in English: 09 credits E. B. PHARM: 14 credits F. BSBGE: 09 credits Grade requirement A minimum GPA of 2.50 must be obtained in each qualifying trimester/semester in order to continue to be considered for this waiver in the following/waiver-receiving trimester/semester. Other conditions : This waiver is not applicable for Admission Fee, ID card fee, Thesis, Project, Internship, and Retake and Repeat courses. a. An applicant under this category must be a member of the government-gazetted small ethnic and tribal groups, including from the Chittagong Hill Tracts and other parts of the country. b. An applicant must submit documentary evidence in support of his/her claim as a member of the government-gazetted small ethnic and tribal groups. Credit registration requirement In order to qualify for waiver under this category, students of undergraduate programs must register a minimum number of credits in the qualifying trimester/semester, including in first trimester/semester, as follows: A. BBA, BBA in AIS, BSECO: 09 credits B. BSCSE, BSEEE, BSDS: 09 credits C. B.Sc. in CE: 09 credits D. BSSEDS, BSSMSJ, BA in English: 09 credits E. B. PHARM: 14 credits F. BSBGE: 09 credits Grade requirement A minimum GPA of 3.00 must be obtained in each qualifying trimester/semester in order to continue to be considered for this waiver in the following/waiver-receiving trimester/semester. Other conditions : This waiver is not applicable for Thesis, Project, Internship, and Retake and Repeat courses. a. An applicant applying under this category must be declared ‘physically disabled’ by a government-authorised ministry/directorate and must be issued with a ‘Disability Card’. b. Applicants classified with physical disability under “Light” category will not be eligible for this waiver. c. An applicant with “Moderate” disability will receive 25% waiver d. An applicant with “Severe” disability will","Scholarship, Tuition and Other Fees, Waiver Policy - United International University (UIU)",https://www.uiu.ac.bd/admission/tuition-fees-payment-policies/scholarship-tuition-fee-and-other-fees-waiver-policy/,admission,7,2026-06-16T08:12:17.452937
"must be declared ‘physically disabled’ by a government-authorised ministry/directorate and must be issued with a ‘Disability Card’. b. Applicants classified with physical disability under “Light” category will not be eligible for this waiver. c. An applicant with “Moderate” disability will receive 25% waiver d. An applicant with “Severe” disability will receive 50% waiver Credit registration requirement for undergraduate students In order to qualify for waiver under this category, students of undergraduate programs must register a minimum number of credits in each qualifying trimester/semester, including in first trimester/semester, as follows: A. BBA, BBA in AIS, BSECO: 09 credits B. BSCSE, BSEEE, BSDS: 09 credits C. B.Sc. in CE: 09 credits D. BSSEDS, BSSMSJ, BA in English: 09 credits E. B. PHARM: 14 credits F. BSBGE: 09 credits Credit registration requirement for graduate students In order to qualify for waiver under this category, students of graduate programs must register a minimum number of 06 (Six) credits in the qualifying trimester/semester, including in first trimester/semester. Grade requirement Students availing waiver under this category will have to obtain a minimum GPA of 3.00 in the qualifying trimester/semester examination for continuation of the waiver facility in the following/waiver-receiving trimester/semester. Other conditions This waiver is not applicable for Thesis, Project, Internship, Retake and Repeat courses. a. Documentary evidence must be submitted in support of their claim to be siblings/spouse. b. Both the siblings/spouse must register courses in the same trimester/semester. Credit registration requirement for undergraduate students In order to qualify for waiver under this category, students of undergraduate programs must register a minimum number of credits in each qualifying trimester/semester, including in first trimester/semester, as follows: A. BBA, BBA in AIS, BSECO: 09 credits B. BSCSE, BSEEE, BSDS: 09 credits C. B.Sc. in CE: 09 credits D. BSSEDS, BSSMSJ, BA in English: 09 credits E. B. PHARM: 14 credits F. BSBGE: 09 credits Credit registration requirement for graduate students In order to qualify for waiver under this category, students of graduate programs must register a minimum number of 06 (Six) credits in the qualifying trimester/semester, including in first trimester/semester. Grade requirement Students availing waiver under this category will have to obtain a minimum GPA of 3.00 in the qualifying trimester/semester examination for continuation of the waiver facility in the following/waiver-receiving trimester/semester. Other conditions This waiver is not applicable for Thesis, Project, Internship, Retake and Repeat courses. a. Documentary evidence must be submitted in support of their","Scholarship, Tuition and Other Fees, Waiver Policy - United International University (UIU)",https://www.uiu.ac.bd/admission/tuition-fees-payment-policies/scholarship-tuition-fee-and-other-fees-waiver-policy/,admission,8,2026-06-16T08:12:17.452937
"category will have to obtain a minimum GPA of 3.00 in the qualifying trimester/semester examination for continuation of the waiver facility in the following/waiver-receiving trimester/semester. Other conditions This waiver is not applicable for Thesis, Project, Internship, Retake and Repeat courses. a. Documentary evidence must be submitted in support of their claim to be siblings. b. The UIU alumni must be a member of the Association of UIU Alumni (AUIUA). Credit registration requirement for undergraduate students In order to qualify for waiver under this category, students of undergraduate programs must register a minimum number of credits in each qualifying trimester/semester, including in first trimester/semester, as follows: A. BBA, BBA in AIS, BSECO: 09 credits B. BSCSE, BSEEE, BSDS: 09 credits C. B.Sc. in CE: 09 credits D. BSSEDS, BSSMSJ, BA in English: 09 credits E. B. PHARM: 14 credits F. BSBGE: 09 credits Credit registration requirement for graduate students In order to qualify for waiver under this category, students of graduate programs must register a minimum number of 06 (Six) credits in the qualifying trimester/semester, including in first trimester/semester. Grade requirement Students availing waiver under this category will have to obtain a minimum GPA of 3.00 in the qualifying trimester/semester examination for continuation of the waiver facility in the following/waiver-receiving trimester/semester. Other conditions This waiver is not applicable for Thesis, Project, Internship, Retake and Repeat courses. a. Documentary evidence must be submitted in support of his/her claim to be a UIU alumni. b. The UIU alumni must be a member of the Association of UIU Alumni (AUIUA). Credit registration requirement In order to qualify for waiver under this category, students of graduate programs must register a minimum number of 06 (Six) credits in the qualifying trimester/semester, including in first trimester/semester. Grade requirement Students availing waiver under this category will have to obtain a minimum GPA of 3.00 in the qualifying trimester/semester examination for continuation of the waiver facility in the following/waiver-receiving trimester/semester. Other conditions This waiver is not applicable for Thesis, Project, Internship, Retake and Repeat courses. a. Documentary evidence must be submitted in support of his/her claim to be an employee of the Government of Bangladesh. b. The student will remain eligible for this waiver as long as s/he remains an employee of the Government of Bangladesh. Credit registration requirement In order to qualify for t waiver under this category, students of graduate programs must register a minimum number of","Scholarship, Tuition and Other Fees, Waiver Policy - United International University (UIU)",https://www.uiu.ac.bd/admission/tuition-fees-payment-policies/scholarship-tuition-fee-and-other-fees-waiver-policy/,admission,9,2026-06-16T08:12:17.452937
"employee of the Government of Bangladesh. b. The student will remain eligible for this waiver as long as s/he remains an employee of the Government of Bangladesh. Credit registration requirement In order to qualify for t waiver under this category, students of graduate programs must register a minimum number of 06 (Six) credits in the qualifying trimester/semester, including in first trimester/semester. Grade requirement Students availing waiver under this category will have to obtain a minimum GPA of 3.00 in the qualifying trimester/semester examination for continuation of the waiver facility in the following/waiver-receiving trimester/semester. Other conditions This waiver is not applicable for Thesis, Project, Internship, Retake and Repeat courses. a. Documentary evidence must be submitted in support of their claim to be group/corporate employees. b. To avail this waiver, at least two employees from the same group/corportate must be admitted in the same trimester/semester. Credit registration requirement In order to qualify for waiver under this category, students of graduate programs must register a minimum number of 06 (Six) credits in the qualifying trimester/semester, including in first trimester/semester. Grade requirement Students availing waiver under this category will have to obtain a minimum GPA of 3.00 in the qualifying trimester/semester examination for continuation of the waiver facility in the following/waiver-receiving trimester/semester. Other conditions This waiver is not applicable for Thesis, Project, Internship, Retake and Repeat courses. a. Documentary evidence must be submitted in support of his/her claim to be a UIU employee. b. The student will remain eligible for this waiver as long as s/he remains an employee of UIU. Credit registration requirement In order to qualify for waiver under this category, students of graduate programs must register a minimum number of 06 (Six) credits in the qualifying trimester/semester, including in first trimester/semester. Grade requirement Students availing waiver under this category will have to obtain a minimum GPA of 3.00 in the qualifying trimester/semester examination for continuation of the waiver facility in the following/waiver-receiving trimester/semester. Other conditions This waiver is not applicable for Thesis, Project, Internship, Retake and Repeat courses. [ Immediate Family Members: Spouse and children ] a. Documentary evidence must be submitted in support of his/her claim to be an immediate family member of the UIU employee. b. The concerned UIU employee must have served UIU—as a regular employee—for at least three years. c. The student will remain eligible for this waiver as long as the concerned UIU employee remains a","Scholarship, Tuition and Other Fees, Waiver Policy - United International University (UIU)",https://www.uiu.ac.bd/admission/tuition-fees-payment-policies/scholarship-tuition-fee-and-other-fees-waiver-policy/,admission,10,2026-06-16T08:12:17.452937
"submitted in support of his/her claim to be an immediate family member of the UIU employee. b. The concerned UIU employee must have served UIU—as a regular employee—for at least three years. c. The student will remain eligible for this waiver as long as the concerned UIU employee remains a UIU employee (a certificate to this effect must be submitted in every trimester/semester). d. If the UIU employee is a UIU alumni, s/he must be a member of the Association of UIU Alumni (AUIUA). Credit registration requirement for undergraduate students In order to qualify for waiver under this category, students of undergraduate programs must register a minimum number of credits in each qualifying trimester/semester, including in first trimester/semester, as follows: A. BBA, BBA in AIS, BSECO: 09 credits B. BSCSE, BSEEE, BSDS: 09 credits C. B.Sc. in CE: 09 credits D. BSSEDS, BSSMSJ, BA in English: 09 credits E. B. PHARM: 14 credits F. BSBGE: 09 credits Credit registration requirement for graduate students In order to qualify for waiver under this category, students of graduate programs must register a minimum number of 06 (Six) credits in the qualifying trimester/semester, including in first trimester/semester. Grade requirement Students availing waiver under this category will have to obtain a minimum GPA of 3.00 in the qualifying trimester/semester examination for continuation of the waiver facility in the following/waiver-receiving trimester/semester. Other conditions This waiver is not applicable for Thesis, Project, Internship, Retake and Repeat courses. [ Immediate Family Members: Spouse and children ] a. Documentary evidence must be submitted in support of his/her claim to be an immediate family member of the former UIU employee. b. The concerned former UIU employee must have had served UIU—as a regular employee—for at least fifteen years. c. If the former UIU employee is a UIU alumni, s/he must be a member of the Association of UIU Alumni (AUIUA). Credit registration requirement for undergraduate students In order to qualify for waiver under this category, students of undergraduate programs must register a minimum number of credits in each qualifying trimester/semester, including in first trimester/semester, as follows: A. BBA, BBA in AIS, BSECO: 09 credits B. BSCSE, BSEEE, BSDS: 09 credits C. B.Sc. in CE: 09 credits D. BSSEDS, BSSMSJ, BA in English: 09 credits E. B. PHARM: 14 credits F. BSBGE: 09 credits Credit registration requirement for graduate students In order to qualify for waiver under this category, students of","Scholarship, Tuition and Other Fees, Waiver Policy - United International University (UIU)",https://www.uiu.ac.bd/admission/tuition-fees-payment-policies/scholarship-tuition-fee-and-other-fees-waiver-policy/,admission,11,2026-06-16T08:12:17.452937
"AIS, BSECO: 09 credits B. BSCSE, BSEEE, BSDS: 09 credits C. B.Sc. in CE: 09 credits D. BSSEDS, BSSMSJ, BA in English: 09 credits E. B. PHARM: 14 credits F. BSBGE: 09 credits Credit registration requirement for graduate students In order to qualify for waiver under this category, students of graduate programs must register a minimum number of 06 (Six) credits in the qualifying trimester/semester, including in first trimester/semester. Grade requirement Students availing waiver under this category will have to obtain a minimum GPA of 3.00 in the qualifying trimester/semester examination for continuation of the waiver facility in the following/waiver-receiving trimester/semester. Other conditions This waiver is not applicable for Thesis, Project, Internship, Retake and Repeat courses. a. Documentary evidence must be submitted in support of his/her claim to be a UG employee. b. A maximum number of five UG employees can take admission in a particular trimester/semester (first-come first-served basis). c. The student will remain eligible for this waiver as long as s/he remains a UG employee (a certificate to this effect must be submitted in every trimester/semester). d. If the UG employee is a UIU alumni, s/he must be a member of the Association of UIU Alumni (AUIUA). Credit registration requirement In order to qualify for waiver under this category, students of graduate programs must register a minimum number of 06 (Six) credits in the qualifying trimester/semester, including in first trimester/semester. Grade requirement Students availing waiver under this category will have to obtain a minimum GPA of 3.00 in the qualifying trimester/semester examination for continuation of the waiver facility in the following/waiver-receiving trimester/semester. Other conditions This waiver is not applicable for Thesis, Project, Internship, Retake and Repeat courses. a. A foreign student intending to avail this waiver must submit documentary evidence in support of their respective citizenship. b. Academic credentials of these foreign students should be, in general, at par with those of Bangladeshi students admitted to UIU. Credit registration requirement for undergraduate students In order to qualify for waiver under this category, students of undergraduate programs must register a minimum number of credits in the qualifying trimester/semester, including in first trimester/semester, as follows: A. BBA, BBA in AIS, BSECO: 09 credits B. BSCSE, BSEEE, BSDS: 09 credits C. B.Sc. in CE: 09 credits D. BSSEDS, BSSMSJ, BA in English: 09 credits E. B. PHARM: 14 credits F. BSBGE: 09 credits Credit registration requirement for graduate students In order","Scholarship, Tuition and Other Fees, Waiver Policy - United International University (UIU)",https://www.uiu.ac.bd/admission/tuition-fees-payment-policies/scholarship-tuition-fee-and-other-fees-waiver-policy/,admission,12,2026-06-16T08:12:17.452937
"in first trimester/semester, as follows: A. BBA, BBA in AIS, BSECO: 09 credits B. BSCSE, BSEEE, BSDS: 09 credits C. B.Sc. in CE: 09 credits D. BSSEDS, BSSMSJ, BA in English: 09 credits E. B. PHARM: 14 credits F. BSBGE: 09 credits Credit registration requirement for graduate students In order to qualify for waiver under this category, students of graduate programs must register a minimum number of 06 (Six) credits in the qualifying trimester/semester, including in first trimester/semester. Grade requirement Students availing waiver under this category will have to obtain a minimum GPA of 2.00 in the qualifying trimester/semester examination for continuation of the waiver in the following/ scholarship-receiving trimester/semester. Other conditions This waiver is not applicable for Thesis, Project, Internship, Retake and Repeat courses. This waiver will be applicable for the Masters students who have completed PGDHRM at UIU. Credit registration requirement In order to qualify for waiver under this category, students of Masters programs must register a minimum number of 06 (Six) credits in the qualifying trimester/semester, including in first trimester/semester. Grade requirement Students availing waiver under this category will have to obtain a minimum GPA of 3.00 in the qualifying trimester/semester examination for continuation of the waiver in the following/ scholarship-receiving trimester/semester. Other conditions This waiver is not applicable for Thesis, Project, Internship, Retake and Repeat courses. a. Only the students from undergraduate programs can apply for this financial aid from the BoT fund. b. Only the registered students in a trimester/semester can apply for this financial aid. c. The applicant must submit docuemnatry evidence in support of his claim to be eligible for this aid. Credit registration requirement In order to qualify for waiver under this category, students of undergraduate programs must register a minimum number of credits in the qualifying trimester/semester, including in first trimester/semester, as follows: A. BBA, BBA in AIS, BSECO: 09 credits B. BSCSE, BSEEE, BSDS: 09 credits C. B.Sc. in CE: 09 credits D. BSSEDS, BSSMSJ, BA in English: 09 credits E. B. PHARM: 14 credits F. BSBGE: 09 credits Grade requirement Students availing grant under this category will have to obtain a minimum GPA of 2.50 in the previous trimester/semester for being considered for this financial aid. Exception to this provision can be made only in extraordinary circumstances, but the GPA must not be below 2.00 in such cases. Other conditions a. As a general rule, to which an exception","Scholarship, Tuition and Other Fees, Waiver Policy - United International University (UIU)",https://www.uiu.ac.bd/admission/tuition-fees-payment-policies/scholarship-tuition-fee-and-other-fees-waiver-policy/,admission,13,2026-06-16T08:12:17.452937
"obtain a minimum GPA of 2.50 in the previous trimester/semester for being considered for this financial aid. Exception to this provision can be made only in extraordinary circumstances, but the GPA must not be below 2.00 in such cases. Other conditions a. As a general rule, to which an exception can be made only in extraordinary circumstances, students having completed at least half of the required credits will be considered for this financial aid. b. This waiver would be applicable for a single (running) trimester/semester only. If a student needs this aid more than once, s/he will have to apply and follow the same procedure on each occasion. Undergraduate Programs Graduate Programs Admission Requirements Admission Procedure International Students Admission Test Result","Scholarship, Tuition and Other Fees, Waiver Policy - United International University (UIU)",https://www.uiu.ac.bd/admission/tuition-fees-payment-policies/scholarship-tuition-fee-and-other-fees-waiver-policy/,admission,14,2026-06-16T08:12:17.452937
"Admission Test Procedure Admission Test Result Admission Requirements Date of Admission Test Admission Procedure Direct Admission Notice Credit Transfer to UIU Undergraduate Programs Admission & Registration Procedure Graduate Programs Admission Test Syllabus Admission Advertisements Tuition Fees & Payment Policies Scholarship, Tuition and Other Fees, Waiver Policy Payment Policies Payment Procedure Tuition Fees & Waivers Scholarship, Tuition and Other Fees, Waiver Policy Payment Policies Payment Procedure Tuition Fees & Waivers United International University offers the following Undergraduate & Graduate degree programs. 1. Bachelor of Business Administration ( BBA ) [125 Credits] 2. BBA in Accounting & Information Systems ( BBA in AIS ) [125 Credits] 3. Bachelor of Science in Economics ( BSECO ) [122 Credits] 4. B.Sc. in Computer Science & Engineering ( BSCSE ) [138 Credits] 5. B.Sc. in Data Science ( BSDS ) [138 Credits] 6. B.Sc. in Electrical & Electronic Engineering ( BSEEE ) [140 Credits] 7. B.Sc. in Civil Engineering ( BSCE ) [151.5 Credits] 8. BSS in Environment and Development Studies program ( BSSEDS ) [123 Credits] 9. BSS in Media Studies and Journalism ( BSSMSJ ) [130 Credits] 10. Bachelor of Pharmacy ( B. Pharm ) [160 Credits] 11. BA in English [123 Credits] 12. Bachelor of B.Sc. in Biotechnology and Genetic Engineering ( BSBGE ) [140 Credits] 1. Master of Business Administration ( MBA ) [60 Credits] 2. Executive MBA ( EMBA ) [45 Credits] 3. MS in Economics ( MSECO ) [30 Credits] 4. Master in Development Studies ( MDS ) [39 Credits] 5. M.Sc. in Computer Science & Engineering ( MSCSE ) [36 Credits] The minimum qualification for admission into an undergraduate program is: 1. A minimum GPA of 2.5/2nd division/equivalent grade in SSC and HSC or equivalent public examinations. Students with GPA 2.00 in any examination either SSC or HSC, however, must have a minimum GPA of 6.00 totalling the GPA of both the examinations. 2. O-level students must have completed a minimum of 5 subjects with Average Grade Point of 2.50 or above and A-level students a minimum of 2 subjects with Average Grade Point of 2.00 or above (scale A=5, B=4, C=3, D=2, E=1) 3. For admission to BSEEE/CSE/BSDS/Civil programs, students must have passed in Physics and Mathematics in HSC/Diploma/A-Level or equivalent exams. 4. The students, who are sons/daughters of freedom fighters, will be eligible for getting admission if they have a minimum GPA of 5.00 totalling the",FAQ - United International University (UIU),https://www.uiu.ac.bd/admission/faq/,admission,0,2026-06-16T08:12:18.323567
"(scale A=5, B=4, C=3, D=2, E=1) 3. For admission to BSEEE/CSE/BSDS/Civil programs, students must have passed in Physics and Mathematics in HSC/Diploma/A-Level or equivalent exams. 4. The students, who are sons/daughters of freedom fighters, will be eligible for getting admission if they have a minimum GPA of 5.00 totalling the GPA of SSC and HSC Examinations. Such students, however, have to submit the copy of authenticated Certificate as the proof of his/her father/mother’s identity as a freedom fighter. 5. Candidates must have passed HSC/Diploma or equivalent exams/A-level within five (5) years of the result publication to be eligible to apply for any undergraduate program (except B.Phram). If the study gap exceeds five years, the applicant must submit a written application stating the reason. The concerned authority will review the case and make a decision accordingly. Such students will have to sit for both the written admission test and the interview. 6. Students from HSC/Diploma or equivalent exams/ A-Level backgrounds whose results have not yet been published are also eligible to sit for the admission test and interview under the “appeared” category. However, he/she must submit the final result before admission at UIU. Without the HSC/Diploma or equivalent examination/A-Level final result, no admission will be granted. 7. Every student must sit for the Admission Test, as follows: (a) Interview Only: Students who have GPA 5.00 in HSC or equivalent exams, 4 A’s in O-Level (with a minimum GPA of 2.5 in O-Level and 2.0 in A-Level), or a minimum SAT-I score of 1000 (with valid SSC/O-Level and HSC/A-Level qualifications) will be required to appear only for the interview. (b) Written Test and Interview: All students will have to sit for written test and appear at interview except those mentioned in (a). 8. Acceptable score in UIU Admission Test. 9. GED result will not be accepted. Bachelor of Pharmacy (B.Pharm.) 1. SSC and HSC Result: Candidates are required to have a minimum aggregate GPA of 8.00 (out of 10) in SSC/Equivalent and HSC/Equivalent examinations. Specifically, they must achieve a minimum GPA of 3.50 (out of 5) in the Science group in both examinations. 2. In HSC/Equivalent examination : Candidates must achieve a minimum GPA of 3.50 in Chemistry and Biology and 3.00 in Physics and Mathematics . However, candidates without Mathematics/having GPA below 3.0 in HSC/ recognized equivalent examination can be admitted but need to take an additional 3 credit course in",FAQ - United International University (UIU),https://www.uiu.ac.bd/admission/faq/,admission,1,2026-06-16T08:12:18.323567
"examinations. 2. In HSC/Equivalent examination : Candidates must achieve a minimum GPA of 3.50 in Chemistry and Biology and 3.00 in Physics and Mathematics . However, candidates without Mathematics/having GPA below 3.0 in HSC/ recognized equivalent examination can be admitted but need to take an additional 3 credit course in Mathematics during B. pharm. study. 3. HSC Passing year: Candidates must have completed the admission process within three years from the year of publication of their HSC/Equivalent examination results. For example, candidates applying for the Fall 2025 semester must have passed their HSC/recognized equivalent examination in 2024 or 2023. 4. “A” Level Candidates: Candidates with A-level must have a minimum grade of “B” in Chemistry and Biology , and a minimum grade of “C” in Physics and Mathematics in both exams. However, candidates without Mathematics/having GPA below 3.0 in HSC/ recognized equivalent examination can be admitted but need to take an additional 3 credit course in Mathematics during B. Pharm. study. 5. Foreign Students: Foreign students must have completed 12 years of education and obtained equivalent grades in examinations recognized by relevant foreign institutions. They are required to obtain an equivalence certificate from the Pharmacy Council before application for admission. 6. Note: Students who pass the written admission test may need to have viva voce (oral interview) as part of the admission selection process. 7. Acceptable score in UIU Admission Test. BSc. in Biotechnology and Genetic Engineering (BSBGE) 1. Minimum GPA 6.0 (out of 10) in SSC/ “O” level/equivalent and HSC/ “A” level/equivalent examinations. 2. Minimum GPA 2.5 (on a scale of 5.00) separately in both examinations from Science group. 3. Minimum GPA 3.00 in Biology and Chemistry separately in SSC/ “O” level/equivalent and HSC/”A” level/equivalent examinations. 1. SSC and HSC Result: Candidates are required to have a minimum aggregate GPA of 8.00 (out of 10) in SSC/Equivalent and HSC/Equivalent examinations. Specifically, they must achieve a minimum GPA of 3.50 (out of 5) in the Science group in both examinations. 2. In HSC/Equivalent examination : Candidates must achieve a minimum GPA of 3.50 in Chemistry and Biology and 3.00 in Physics and Mathematics . However, candidates without Mathematics/having GPA below 3.0 in HSC/ recognized equivalent examination can be admitted but need to take an additional 3 credit course in Mathematics during B. pharm. study. 3. HSC Passing year: Candidates must have completed the admission process within three years from the",FAQ - United International University (UIU),https://www.uiu.ac.bd/admission/faq/,admission,2,2026-06-16T08:12:18.323567
"Physics and Mathematics . However, candidates without Mathematics/having GPA below 3.0 in HSC/ recognized equivalent examination can be admitted but need to take an additional 3 credit course in Mathematics during B. pharm. study. 3. HSC Passing year: Candidates must have completed the admission process within three years from the year of publication of their HSC/Equivalent examination results. For example, candidates applying for the Fall 2025 semester must have passed their HSC/recognized equivalent examination in 2024 or 2023. 4. “A” Level Candidates: Candidates with A-level must have a minimum grade of “B” in Chemistry and Biology , and a minimum grade of “C” in Physics and Mathematics in both exams. However, candidates without Mathematics/having GPA below 3.0 in HSC/ recognized equivalent examination can be admitted but need to take an additional 3 credit course in Mathematics during B. Pharm. study. 5. Foreign Students: Foreign students must have completed 12 years of education and obtained equivalent grades in examinations recognized by relevant foreign institutions. They are required to obtain an equivalence certificate from the Pharmacy Council before application for admission. 6. Note: Students who pass the written admission test may need to have viva voce (oral interview) as part of the admission selection process. 7. Acceptable score in UIU Admission Test. BSc. in Biotechnology and Genetic Engineering (BSBGE) 1. Minimum GPA 6.0 (out of 10) in SSC/ “O” level/equivalent and HSC/ “A” level/equivalent examinations. 2. Minimum GPA 2.5 (on a scale of 5.00) separately in both examinations from Science group. 3. Minimum GPA 3.00 in Biology and Chemistry separately in SSC/ “O” level/equivalent and HSC/”A” level/equivalent examinations. Graduate (Master’s) The minimum qualification for admission into a graduate program is: 1.The terms & conditions of undergraduate programs mentioned above will be applicable for admission to graduate programs. 2. A relevant undergraduate degree from a recognized university with a GPA of 2.00 or above in a scale of 4.0 3. Applicants without Science group in HSC or equivalent level will not be considered for MSCSE UIU admission. 4. A relevant Bachelor Degree with at least second divisions/classes in all previous exams. 5. Students completing undergraduate programs from UIU having a minimum CGPA of 2.00 will be eligible to get admission to any graduate programs without appearing at the Admission Test. 6. Different departments may have some additional requirements. 7. Some students may be required to complete some additional preparatory courses at UIU before",FAQ - United International University (UIU),https://www.uiu.ac.bd/admission/faq/,admission,3,2026-06-16T08:12:18.323567
"completing undergraduate programs from UIU having a minimum CGPA of 2.00 will be eligible to get admission to any graduate programs without appearing at the Admission Test. 6. Different departments may have some additional requirements. 7. Some students may be required to complete some additional preparatory courses at UIU before they start their Master’s programs. Note: For applying to the EMBA program: after completing the Bachelor’s degree a minimum of 2 years of work experience is required. UIU provides three trimesters annually: Spring, Summer, and Fall. Typically, these trimesters begin in February, June, and October, respectively. Additionally, UIU offers two semesters each year: Spring and Fall. Generally, these semesters commence in January and July. Yes, appeared students can apply to any program of UIU. If you qualify for the Admission Test, then you must have to submit the result of the HSC exam during Admission Time. If your result is not published, you will not be allowed to get the admission and the Admission Form fee will not be refunded. Admission Form is available at UIU Admission Office on working days between 9:00 AM to 4:00 PM. on payment of Tk. 1000/= (Non Refundable). Also, Admission Form can be purchased and submit via online at admission.uiu.ac.bd 1. Admission fee taka 20,000.00 (Non Refundable) 2. Caution Money for ID Card Tk. 2000.00 (Refundable) payable at the time of taking admission. i) Certificates, Marks sheet, Testimonials of all previous examinations. ii) 2 copies of recent passport-sized & 1 copy of the stamp-sized photograph (which you uploaded online). iii) For Diploma graduates, all semester-wise Marks sheet. iv) For EMBA program, certificate of 2 years’ Job Experience. v) Students own NID / Birth Certificate/ Passport Copy & National ID Card of Father / Mother. vi) The signature of Father / Mother / Guardian is mandatory on the Admission Form. If anyone puts his / her signature as a guardian, the photocopy of the National Id Card of the signatory has to be submitted to the Admission Office. vii) Presence of Mother/Father/Guardian is a must at the time of admission of an undergraduate student. There is no evening shift for undergraduate programs. i) Concerned Dean will decide the program of a university from which credit transfer will be accepted ii) Admission test is required iii) Admission fee has to be paid iv) Department will decide which course(s) will be transferred/waived v) The minimum grade in",FAQ - United International University (UIU),https://www.uiu.ac.bd/admission/faq/,admission,4,2026-06-16T08:12:18.323567
"is no evening shift for undergraduate programs. i) Concerned Dean will decide the program of a university from which credit transfer will be accepted ii) Admission test is required iii) Admission fee has to be paid iv) Department will decide which course(s) will be transferred/waived v) The minimum grade in a transferred/waived course should be “B” vi) Residency requirement: minimum of 50% credits have to be completed at UIU vii) Disciplinary verification of such credit-transferred students has to be made from their respective former Universities. At the time of admission, the students have to bring a testimonial from his/her previous university stating that “No disciplinary action was taken against him/her”. a. Documentary evidence must be submitted in support of their claim to be siblings/spouse. b. Both the siblings/spouse must register courses in the same trimester/semester. Credit registration requirement for undergraduate students In order to qualify for waiver under this category, students of undergraduate programs must register a minimum number of credits in each qualifying trimester/semester, including in first trimester/semester, as follows: A. BBA, BBA in AIS, BSECO: 09 credits B. BSCSE, BSEEE, BSDS: 09 credits C. B.Sc. in CE: 09 credits D. BSSEDS, BSSMSJ, BA in English: 09 credits E. B. PHARM: 14 credits F. BSBGE: 09 credits Credit registration requirement for graduate students In order to qualify for waiver under this category, students of graduate programs must register a minimum number of 06 (Six) credits in the qualifying trimester/semester, including in first trimester/semester. Grade requirement Students availing waiver under this category will have to obtain a minimum GPA of 3.00 in the qualifying trimester/semester examination for continuation of the waiver facility in the following/waiver-receiving trimester/semester. Other conditions This waiver is not applicable for Thesis, Project, Internship, Retake and Repeat courses.",FAQ - United International University (UIU),https://www.uiu.ac.bd/admission/faq/,admission,5,2026-06-16T08:12:18.323567
"The academic units of UIU are comprised of four schools and several institutes, which offer a wise range of undergraduate, graduate and certificate programs.
Full Time Faculty Members
Schools & Institutes
School of Business and Economics
School of Science and Engineering
School of Humanities and Social Sciences
School of Life Sciences
Institute of Natural Sciences
Academic Information Policies
Registration Students are required to complete their registration formalities before a trimester/semester starts.
Academic Calendar
Faculty Guidelines
Grading & Performance evaluation
Proctorial Committee
Schools & Institutes",Academics - United International University (UIU),https://www.uiu.ac.bd/academics/,academics,0,2026-06-16T08:12:19.591091
"Grading Performance Evaluation Institute of Business & Economic Research Academic Information Policies Institute of Natural Sciences Proctorial Committee Code of Conduct Proctorial Rules Proctorial Rules Schools and Institutes School of Business & Economics School of Humanities & Social Sciences School of Life Sciences School of Science & Engineering School of Business & Economics School of Humanities & Social Sciences School of Life Sciences School of Science & Engineering Bachelor of Business Administration (BBA) BBA in Accounting & Information Systems (BBA in AIS) Master of Business Administration (MBA) Executive Master of Business Administration (EMBA) Department of Economics Bachelor of Science in Economics Master of Science in Economics Department of Civil Engineering B.Sc. in Civil Engineering (CE) Department of Computer Science and Engineering (CSE) B.Sc. in Computer Science & Engineering (CSE) B.Sc. in Data Science (BSDS) M.Sc. in Computer Science & Engineering (MSCSE) Department of Electrical and Electronics Engineering B.Sc. in Electrical & Electronic Engineering (EEE) Department of Environment and Development Studies BSS in Environment and Development Studies (BSSEDS) Department of Media Studies and Journalism BSS in Media Studies and Journalism (BSSMSJ) Department of English Graduate Programs Master in Development Studies (MDS) Department of Pharmacy Bachelor of Pharmacy (B. Pharm.) Department of Biotechnology and Genetic Engineering B.Sc. in Biotechnology and Genetic Engineering (BSBGE) This institute was founded in 2006 as an offshoot of UIU. INS consists of three disciplines of physical sciences: Mathematics, Physics & Chemistry. These physical sciences deal with the truths of nature and the laws that govern the world. In INS, there are 13 high-profile active faculties of whom one is a PhD holder. In addition, 9 faculty members of INS are on study leave in different well-recognized foreign universities. Besides, in each trimester, a number of well competent faculties from different public universities join the institute as adjunct faculties. INS has a history of providing quality education to the students. The teaching methods applied in INS show results of effectiveness and are supposed to undergo further improvement. INS plays an important and indispensable role in the study of engineering and business. The aim of INS is to adhere to the academic thrust of quality as well as to contribute in advancement of society and industry. In consequence this institute helps engineers to extend their strong research background. INS is committed to nurture and sharpen the intellectual growth and skills of the students through the application and dissemination of",Schools and Institutes - United International University (UIU),https://www.uiu.ac.bd/academics/schools-institutes/,academics,0,2026-06-16T08:12:20.415825
"to the academic thrust of quality as well as to contribute in advancement of society and industry. In consequence this institute helps engineers to extend their strong research background. INS is committed to nurture and sharpen the intellectual growth and skills of the students through the application and dissemination of engineering. Institute for Advanced Research (IAR) Institute of Business and Economic Research (IBER) Institute of Development Studies and Sustainability (IDSS) at United International University (UIU), founded on 26 October, 2017, is committed to interdisciplinary hub for research, teaching, and collaborations for narrowing down the science-policy-practice gap towards sustainable development. The IDSS promises to advance knowledge of Sustainable Development through its Interdisciplinary Research and knowledge dissemination through seminars, publications and teaching. The IDSS is committed to manage and expanding the interdisciplinary major in Development Studies and Sustainability by providing students with fellowships, scholarships, and research/study opportunities through collaborations with universities in Bangladesh and foreign countries, national and International NGOs, UN organizations and business organizations. Finally, the institute promises to contribute to UIU’s vision of becoming the center of excellence in teaching, learning and research in the South Asian region . Hamidul Huq, PhD, WUR Professor and Director, IDSS Contact: hamidulhuq@idss.uiu.ac.bd Cell Phone: 01819259969 Website Link: https://idss.uiu.ac.bd Institute of Research, Innovation, Incubation & Commercialization (IRIIC) Professor and Head, Department of Economics School of Business and Economics Director, Institute of Islamic Banking, Finance and Economics United International University Email: farooq@eco.uiu.ac.bd Centre for Energy Research (CER) Center for Development of IT Professionals (CDIP) Mission: Our mission is to make robotics accessible to everyone and empower students to become globally competent innovators in artificial intelligence and robotics through hands-on experience, research, and real-world problem-solving. Vision: Our vision is to establish the UIU Mars Rover Team (UMRT) and the Center for Artificial Intelligence & Robotics (CAIR) as the flagship center for robotics innovation in Bangladesh. We aim to nurture future leaders, address local challenges such as disaster response and automation, and represent the nation on global platforms in space and robotics. UIU Mars Rover Team (UMRT) In February of 2024, C enter for S mart I nfrastructure R esilience and S ustainability (CSIRS-UIU) started its journey as a cutting-edge facility dedicated to advancing research, innovation, and education in the field of smart infrastructure. Bangladesh’s thriving urbanization and rural transformation processes are being challenged by extreme high vulnerability to climate change impacts. Increased frequency and intensity of",Schools and Institutes - United International University (UIU),https://www.uiu.ac.bd/academics/schools-institutes/,academics,1,2026-06-16T08:12:20.415825
"nfrastructure R esilience and S ustainability (CSIRS-UIU) started its journey as a cutting-edge facility dedicated to advancing research, innovation, and education in the field of smart infrastructure. Bangladesh’s thriving urbanization and rural transformation processes are being challenged by extreme high vulnerability to climate change impacts. Increased frequency and intensity of extreme weather events, rising sea level, temperature extremes, altered precipitation patterns are posing significant threat to the resilience and sustainability of infrastructure, leading to damage of infrastructure, disruption of services and slowing down economic growth. The present infrastructure development scenario highlights the need for innovative solutions that must prioritize both resilience and sustainability. At CSIRS, we are dedicated to pioneering research and technology-driven solutions aimed at fortifying our infrastructure systems. Our interdisciplinary approach will bring together experts from diverse fields to solve complex civil engineering challenges. From researching advanced materials and smart technologies to community engagement, CSIRS will work towards shaping a more resilient and sustainable future. Join us as we empower tomorrow’s infrastructure today .",Schools and Institutes - United International University (UIU),https://www.uiu.ac.bd/academics/schools-institutes/,academics,2,2026-06-16T08:12:20.415825
"list of department
Faculty Member List: Department of Computer Science and Engineering
Faculty Member List: Department of Electrical and Electronic Engineering
Faculty Member List: Department of Civil Engineering
Faculty Member List: Business Administration
Faculty Member List: Department of Economics
Faculty Member List: Institute of Natural Sciences
Faculty Member List: Department of English
Faculty Member List: Department of Environment & Development Studies
Faculty Member List: Department of Media Studies & Journalism
Faculty Member List: Department of Pharmacy
Faculty Member List: Department of Biotechnology and Genetic Engineering",Faculty Members - United International University (UIU),https://www.uiu.ac.bd/academics/faculty-members/,academics,0,2026-06-16T08:12:22.454962
"Grading Performance Evaluation Institute of Business & Economic Research Academic Information Policies Institute of Natural Sciences Proctorial Committee Code of Conduct Proctorial Rules Proctorial Rules Schools and Institutes School of Business & Economics School of Humanities & Social Sciences School of Life Sciences School of Science & Engineering School of Business & Economics School of Humanities & Social Sciences School of Life Sciences School of Science & Engineering Students are required to complete their registration formalities before a trimester starts. The Admission Office will notify the newly admitted students about the time and place of their registration. Students should consult their course advisors for planning their courses and to be familiar with UIU policies and procedures related to registration. Students can make registration through online. Late Registration and Add-Drop of Courses A student seeking to register after the scheduled date has to take permission of the concerned respective Head of the Department. A student given permission to register late has to pay late registration fee. A student may drop course(s) only within the date mentioned in the Academic Calendar with the approval of the Head of the department. The last day of dropping a course in a trimester without a record (i.e., “W”) in the transcript, is mentioned in the academic calendar. Students’ Advising Faculty Advisors, prior to registration, will advise students of the undergraduate and graduate programs. Students of undergraduate & graduate programs have to register a minimum of 9 (nine) credits and 6 (six) credits respectively in a single Trimester. Department/Program change Heads of the Departments/Programs will dispose of the issues relating to acceptance of the grade(s) of the students changing their Departments/ Programs. Department change will not be allowed for a student in probation. Minimum Attendance in the Class Students are expected to attend classes regularly. A student would be required to attend at least 80% of classes in every course in order to sit for the Final Exam. Withdrawal of Course(s) Students, willing to “Withdraw” any course due to sickness or other unavoidable circumstances, must collect a form for “W” grade from the Program Office. Students have to collect signature(s) for endorsement of the respective course teacher(s) and submit it to the concerned Head of the Department for final approval. The duly approved application must be submitted to the Registrar’s Office within 7th day of the ending of the Mid-Term II Exam. Tuition fees for the",Academic Information Policies - United International University (UIU),https://www.uiu.ac.bd/academics/academic-information-policies/,academics,0,2026-06-16T08:12:23.316989
"have to collect signature(s) for endorsement of the respective course teacher(s) and submit it to the concerned Head of the Department for final approval. The duly approved application must be submitted to the Registrar’s Office within 7th day of the ending of the Mid-Term II Exam. Tuition fees for the withdrawn course(s) will not be refunded. Repeat & Retake of Course(s) A student obtaining “F” grade in any course in any Trimester will have to “Repeat” the course with full payment of tuition fee for that particular course. Students desiring to improve their grade(s) may again take up course(s) which are termed as “Retake”. Such students will also have to make payment of 100% tuition fee for retaking a course. Students would not be entitled to scholarship/tuition fee waiver for “Repeat/Retake” course(s). Repeating a particular course or courses as well as retaking a particular course or courses by a student, the names of such repeated or retaken courses would be shown on his/her Transcript as ‘R’. A student may drop a Trimester only on medical ground or other valid reasons. Students have to apply in writing to the Registrar through respective Head of the Department for dropping the Trimester. If the case is found genuine by the authorities, the student may be allowed to drop the current Trimester after making payment of 50% of Tuition Fee, Trimester Fee and Transport Fee (if applicable). However, if an additional amount is deposited against payment of tuition fees, the amount would no way be refunded; it will only be adjusted with the tuition fees to be payable in the next Trimester. “I” (Incomplete) Grade “I” (Incomplete) grade is granted only in exceptional cases. “I” (Incomplete) grade may be assigned to students in special circumstances after Mid-Term Exam. Students will collect a form for “I” (Incomplete) grade from the Exam Controller’s Office/ Departmental Office. After filling up the forms, students will collect signature(s) for endorsement of the respective course teacher(s) and then they will submit the forms to the respective Head of the Department for final approval. A student must appear in the Exam in which he/she is given “I” grade within 15 (fifteen) days from the beginning of classes of the following Trimester, otherwise “I” will turn into “F” automatically. In case of absence of concerned course teacher from whom a student receives an “I” grade, the disposition of the case involving “I”",Academic Information Policies - United International University (UIU),https://www.uiu.ac.bd/academics/academic-information-policies/,academics,1,2026-06-16T08:12:23.316989
"in which he/she is given “I” grade within 15 (fifteen) days from the beginning of classes of the following Trimester, otherwise “I” will turn into “F” automatically. In case of absence of concerned course teacher from whom a student receives an “I” grade, the disposition of the case involving “I” (Incomplete) grade(s) resides with the concerned Head of the Department. Students applying for ‘I’ (Incomplete) Grade in a particular Trimester would not be eligible for any Scholarship Scheme of UIU for the corresponding Trimester. Project/Thesis/Internship/Field Work Graduate students willing to take Thesis will not be able to register more than 12 credits out of a total of 18 credits in a single trimester. The completion period of all undergraduate Project/Thesis/Internship works irrespective of credit hours shall be 2 (two) trimesters following the trimester on which last registration of the same has been made. The completion period of Thesis/Research Paper or Project/Internship/Field Work in case of Graduate Programs having 3 Credit Hours will be same as above. The completion period of all such works having more than 3 Credit Hours will, however, be 3 (three) trimesters following the trimester on which the last registration is made. A particular trimester will be written on Transcripts and Pass Certificates as ‘Completion Trimester’ in which a student has actually completed his/her degree requirement instead of the trimester in which he/she made his/her last registration. Reconsideration of Grade Change Policy A student has to apply for grade change of a course to the concerned Head/Director/Coordinator of the Dept./Program within 1 (one) week of the beginning of the classes of the following Trimester. The concerned Head/Director/Coordinator has to complete the formalities within 3 (three) days of the receiving of the application of the student and submit the same to the office of the Controller of Examinations. Self-Study System A student can take course(s) under Self-Study System if only 20 credits out of the total credits remain to be completed. However, a student will not be allowed to take a course under self-study system if that course is offered by the department in that particular trimester. Maximum number of students shall not exceed 6 (six) in a particular course under Self-Study System. The courses taken under Self-Study System should be completed within the trimester in which the registration of courses has been made. If the courses are not completed within the scheduled trimester, concerned students will be",Academic Information Policies - United International University (UIU),https://www.uiu.ac.bd/academics/academic-information-policies/,academics,2,2026-06-16T08:12:23.316989
"number of students shall not exceed 6 (six) in a particular course under Self-Study System. The courses taken under Self-Study System should be completed within the trimester in which the registration of courses has been made. If the courses are not completed within the scheduled trimester, concerned students will be given “F” grade for the respective Self-Study courses. Period of Time for Completion of Degree Maximum Time Period for Completion of Undergraduate and Graduate Programs: Undergraduate Programs: 7 years Graduate Programs: 5 years Minimum Time Period for Completion of Undergraduate and Graduate Programs: Undergraduate Programs: Regular Students: 3 (three) Years Credit Transferred Students: 2 (two) Years Graduate Programs: 1 (one) Year Punishment for adopting Unfair Means Following types of punishment will be meted out for adopting unfair means in the examination: i) Class Test: Course Expulsion ii) Mid-Term (1/2) & Final Exam: Trimester/Semester Expulsion i) Any type of Test/Exam: Trimester/Semester Expulsion and Warning i) Any type of Test/Exam: Expulsion from the University",Academic Information Policies - United International University (UIU),https://www.uiu.ac.bd/academics/academic-information-policies/,academics,3,2026-06-16T08:12:23.316989
"Grading Performance Evaluation Institute of Business & Economic Research Academic Information Policies Institute of Natural Sciences Proctorial Committee Code of Conduct Proctorial Rules Proctorial Rules Schools and Institutes School of Business & Economics School of Humanities & Social Sciences School of Life Sciences School of Science & Engineering School of Business & Economics School of Humanities & Social Sciences School of Life Sciences School of Science & Engineering Academic Calendar Course Advising & Registration Last day of Course Advising & Registration without Fine Last day to drop course(s) with 100% adjustable refund Last day to apply for Grade Change of a course (if any) of Fall 2025 Trimester. Note: No application will be considered after the deadline. Last day to drop course(s) with 50% adjustable refund Last day of Grade Submission for Project/ Thesis (Final Year Design Project/ Internship) Last day of Course Advising & Registration with a Fine of Tk. 500/- Holiday: Jumu’atul-Widaa/ Shab-e-Qad’r****/Eid-ul-Fit’r****/ Independence Day of Bangladesh Last day of Grade Submission of Incomplete Grades of Fall 2025 Trimester by concerned Department/Program Office Last date of 1st installment* Make-up class: Regular Tuesday Classes Holiday: Bangla New Year Regular Tuesday Classes Regular Wednesday Classes Holiday: Buddha Purnima**** and May Day Last Date for Course Withdrawal Last date of 2nd Installment** Holiday: Eid-ul-Adha**** Last date of 3rd installment *** Classes will remain suspended for Exam preparation Holiday: Ashura**** Last date of Grade Submission (including Self-Study courses) * Last date of 1st installment: A fine of Tk. 500/- will be imposed if 40% Tuition Fee and Trimester Fee is not paid within this date. For 252 and onwards students: Students are required to pay Tk. 20,000/- at the time of registration, and 40% of the remaining tuition and trimester fees must be paid by this date. Otherwise, a fine of Tk. 500/- will be imposed. Transportation fee and/or Gymnasium Fee, if applicable, must be paid by this date in full (no installment) ** Last date of 2nd installment: A fine of Tk. 500/- will be imposed if 70% Tuition Fee and Trimester Fee is not paid within this date. ***Last date of 3rd installment: A fine of Tk. 500/- will be imposed if 100% Tuition Fee and Trimester Fee is not paid within this date. **** Subject to the appearance of the moon. UIU will remain closed on the day(s) declared as Government Holiday by the Govt. of the People's Republic",Academic Calendars Archive - United International University (UIU),https://www.uiu.ac.bd/academics/calendar/,academics,0,2026-06-16T08:12:24.383738
"of 3rd installment: A fine of Tk. 500/- will be imposed if 100% Tuition Fee and Trimester Fee is not paid within this date. **** Subject to the appearance of the moon. UIU will remain closed on the day(s) declared as Government Holiday by the Govt. of the People's Republic of Bangladesh Classes of Summer 2026 Trimester will Begin: Jul 7, 2026 (Tue) Admission Test for Summer 2026 Trimester: 1st Admission Test: Apr 24, 2026 (Fri) - Last Date of Admission: May 3, 2026 (Sun) 2nd Admission Test: Jun 19, 2026 (Fri) - Last Date of Admission: Jul 1, 2026 (Wed) NOTE: The schedule for other departmental academic activities will be announced by the respective Department or Program Office. Course Advising & Registration Last day of Course Advising & Registration without Fine Last day to drop course(s) with 100% adjustable refund Last day to apply for Grade Change of a course (if any) of Fall 2025 Trimester. Note: No application will be considered after the deadline. Last day to drop course(s) with 50% adjustable refund Last day of Grade Submission for Project/ Thesis (Final Year Design Project/ Internship) Last day of Course Advising & Registration with a Fine of Tk. 500/- Holiday: Jumu’atul-Widaa/ Shab-e-Qad’r****/Eid-ul-Fit’r****/ Independence Day of Bangladesh Last day of Grade Submission of Incomplete Grades of Fall 2025 Trimester by concerned Department/Program Office Last date of 1st installment* Holiday: Bangla New Year Holiday: Buddha Purnima**** and May Day Last Date for Course Withdrawal Last date of 2nd Installment** Holiday: Eid-ul-Adha**** Last date of 3rd installment *** Holiday: Ashura**** Last date of Grade Submission (including Self-Study courses) *Last date of 1st installment: A fine of Tk. 500/- will be imposed if 40% Tuition Fee and Trimester Fee is not paid within this date. For 252 and onwards students: Students are required to pay Tk. 20,000/- at the time of registration, and 40% of the remaining tuition and trimester fees must be paid by this date. Otherwise, a fine of Tk. 500/- will be imposed. Transportation fee and/or Gymnasium Fee, if applicable, must be paid by this date in full (no installment) ** Last date of 2nd installment: A fine of Tk. 500/- will be imposed if 70% Tuition Fee and Trimester Fee is not paid within this date. ***Last date of 3rd installment: A fine of Tk. 500/- will be imposed if 100% Tuition Fee and Trimester Fee is not",Academic Calendars Archive - United International University (UIU),https://www.uiu.ac.bd/academics/calendar/,academics,1,2026-06-16T08:12:24.383738
"installment) ** Last date of 2nd installment: A fine of Tk. 500/- will be imposed if 70% Tuition Fee and Trimester Fee is not paid within this date. ***Last date of 3rd installment: A fine of Tk. 500/- will be imposed if 100% Tuition Fee and Trimester Fee is not paid within this date. **** Subject to the appearance of the moon. • UIU will remain closed on the day(s) declared as Government Holiday by the Govt. of the People's Republic of Bangladesh Classes of Summer 2026 Trimester Begin: Jul 10, 2026 (Fri) Admission Test for Summer 2026 Trimester: 1st Admission Test: Apr 24, 2026 (Fri) - Last Date of Admission: May 3, 2026 (Sun) 2nd Admission Test: Jun 19, 2026 (Fri) - Last Date of Admission: Jul 1, 2026 (Wed) NOTE: The schedule for make-up classes and other departmental academic activities will be announced by the respective Department or Program Office. Course Advising & Registration Last day of Course Advising & Registration without Fine Last day to drop course(s) with 100% adjustable refund only Orientation of B.Pharm. Students of Spring 2026 Batch Last day to apply for Grade Change of a course (if any) of Fall 2025 Semester. Note: No application will be considered after the deadline. Holiday: Shab-e-Barat***** Last day to drop course(s) with 50% adjustable refund only # Last day of Course Advising & Registration with a Fine of Tk. 500/- # Last day of Grade Submission of Incomplete Grades of Fall 2025 Semester by concerned Department/Program Office # Last date of 1st installment* University will remain closed Holiday: Shaheed Day and International Mother Language Day Last date of 2nd Installment** Holiday: Jumu’atul-Widaa / Shab-e-Qad’r***** /Eid-ul-Fit’r***** Holiday: National Independence Day Holiday: Bangla New Year Last date of 3rd installment*** Holiday: Buddha Purnima***** & May Day Last Date of Course Withdrawal Last date of 4th installment**** Holiday: Eid-Ul-Adha Classes will remain suspended for exam preparation Holiday: Ashura***** Last date of Grade Submission * Last date of 1 st installment: A fine of Tk. 500/- will be imposed if 25% Tuition Fee and Trimester Fee is not paid within this date. For 253 and onwards students : Students are required to pay Tk. 20,000/- at the time of registration, and 25% of the remaining tuition and trimester fees must be paid by this date. Otherwise, a fine of Tk. 500/- will be imposed. Transportation fee and/or Gymnasium Fee, if",Academic Calendars Archive - United International University (UIU),https://www.uiu.ac.bd/academics/calendar/,academics,2,2026-06-16T08:12:24.383738
"this date. For 253 and onwards students : Students are required to pay Tk. 20,000/- at the time of registration, and 25% of the remaining tuition and trimester fees must be paid by this date. Otherwise, a fine of Tk. 500/- will be imposed. Transportation fee and/or Gymnasium Fee, if applicable, must be paid by this date in full (no installment) ** Last date of 2nd installment: A fine of Tk. 500/- will be imposed if 50% Tuition Fee and Trimester Fee is not paid within this date. ***Last date of 3rd installment: A fine of Tk. 500/- will be imposed if 75% Tuition Fee and Trimester Fee is not paid within this date. ****Last date of 4th installment: A fine of Tk. 500/- will be imposed if 100% Tuition Fee and Trimester Fee is not paid within this date. * Subject to the appearance of the moon. UIU will remain closed on the day(s) declared as Government Holiday by the Govt. of the People's Republic of Bangladesh Classes of Fall 2026 Semester Begin: August 4, 2026 (Tue) Course Advising & Registration Last day of Course Advising & Registration Last day to drop course(s) with 100% adjustable refund Last day to apply for Grade Change of a course (if any) of Summer 2025 Trimester. Note: No application will be considered after the deadline. Last day of Grade Submission for Project/ Thesis (Final Year Design Project)/ Internship) Make-up class (Saturday) Last day of Course Advising & Registration with a Fine of Tk. 500/- Last day of Grade Submission of Incomplete Grades of Summer 2025 Trimester by concerned Department/Program Office Last day to drop course(s) with 50% adjustable refund Make-up class (Sunday) Last Date of 1 st installment * Make-up class (Tuesday) Holiday: Victory Day Holiday: Christmas Day Last Day of Course Withdrawal Last Date of 2 nd Installment ** Make-up class (Saturday) Make-up class (Wednesday) Holiday: Saraswati Puja Classes will remain suspended for Exam preparation Holiday: Shab-e-Barat **** Last Date of 3 rd installment *** Trimester break (University will remain closed) Last date of Grade Submission (including Self-Study courses) Holiday: Shaheed Day and International Mother Language Day * Last Date of 1 st installment: A fine of Tk. 500/- will be imposed if 40% Tuition Fee and Trimester Fee is not paid within this date. For 252 and onwards students : Students are required to pay Tk. 20,000/- at the time",Academic Calendars Archive - United International University (UIU),https://www.uiu.ac.bd/academics/calendar/,academics,3,2026-06-16T08:12:24.383738
"Day and International Mother Language Day * Last Date of 1 st installment: A fine of Tk. 500/- will be imposed if 40% Tuition Fee and Trimester Fee is not paid within this date. For 252 and onwards students : Students are required to pay Tk. 20,000/- at the time of registration, and 40% of the remaining tuition and trimester fees must be paid by this date. Otherwise, a fine of Tk. 500/- will be imposed. Transportation fee and/or Gymnasium Fee, if applicable, must be paid by this date in full (no installment) ** Last Date of 2 nd installment: A fine of Tk. 500/- will be imposed if 70% Tuition Fee and Trimester Fee is not paid within this date. ***Last Date of 3 rd installment: A fine of Tk. 500/- will be imposed if 100% Tuition Fee and Trimester Fee is not paid within this date. ****Subject to the appearance of the moon. UIU will remain closed on the day(s) declared as Government Holiday by the Govt. of the People's Republic of Bangladesh Classes of Spring 2026 Trimester Begin: February 28, 2026 (Sat) Admission Test for Spring 2026 Trimester: 1 st Admission Test: Jan 9, 2026 (Fri) - Last Date of Admission: Jan 25, 2026 (Sun) 2 nd Admission Test: Feb 20, 2026 (Fri) - Last Date of Admission: Feb 28, 2026 (Wed) NOTE : The schedule for other departmental academic activities will be announced by the respective Department or Program Office. Course Advising & Registration Last day of Course Advising & Registration Last day to drop course(s) with 100% adjustable refund Last day to apply for Grade Change of a course (if any) of Summer 2025 Trimester. Note: No application will be considered after the deadline. Last day of Grade Submission for Project/ Thesis Last day of Course Advising & Registration with a Fine of Tk. 500/- Last day of Grade Submission of Incomplete Grades of Summer 2025 Trimester by concerned Department/Program Office Last day to drop course(s) with 50% adjustable refund Last Date of 1 st installment * Holiday: Victory Day Holiday: Christmas Day Last Day of Course Withdrawal Last Date of 2 nd Installment ** Holiday: Saraswati Puja Holiday: Shab-e-Barat **** Last Date of 3 rd installment *** Trimester break (University will remain closed) Last date of Grade Submission (including Self-Study courses) Holiday: Shaheed Day and International Mother Language Day * Last Date of 1",Academic Calendars Archive - United International University (UIU),https://www.uiu.ac.bd/academics/calendar/,academics,4,2026-06-16T08:12:24.383738
"of Course Withdrawal Last Date of 2 nd Installment ** Holiday: Saraswati Puja Holiday: Shab-e-Barat **** Last Date of 3 rd installment *** Trimester break (University will remain closed) Last date of Grade Submission (including Self-Study courses) Holiday: Shaheed Day and International Mother Language Day * Last Date of 1 st installment: A fine of Tk. 500/- will be imposed if 40% Tuition Fee and Trimester Fee is not paid within this date. For 252 and onwards students : Students are required to pay Tk. 20,000/- at the time of registration, and 40% of the remaining tuition and trimester fees must be paid by this date. Otherwise, a fine of Tk. 500/- will be imposed. Transportation fee and/or Gymnasium Fee, if applicable, must be paid by this date in full (no installment) ** Last Date of 2 nd installment: A fine of Tk. 500/- will be imposed if 70% Tuition Fee and Trimester Fee is not paid within this date. ***Last Date of 3 rd installment: A fine of Tk. 500/- will be imposed if 100% Tuition Fee and Trimester Fee is not paid within this date. ****Subject to the appearance of the moon. *UIU will remain closed on the day(s) declared as Government Holiday by the Govt. of the People's Republic of Bangladesh Classes of Spring 2026 Trimester Begin: February 27, 2026 (Fri) Admission Test for Spring 2026 Trimester: 1 st Admission Test: Jan 9, 2026 (Fri) - Last Date of Admission: Jan 25, 2026 (Sun) 2 nd Admission Test: Feb 20, 2026 (Fri) - Last Date of Admission: Feb 28, 2026 (Wed) NOTE : The schedule for make-up classes and other departmental academic activities will be announced by the respective Department or Program Office. Course Advising & Registration Last day of Course Advising & Registration without Fine Last day to drop course(s) with 100% adjustable refund Last day to apply for Grade Change of a course (if any) of Spring 2025 Semester. Note: No application will be considered after the deadline Last day of Course Advising & Registration with a Fine of Tk. 500/- Last day of Grade Submission of Incomplete Grades of Spring 2025 Semester by concerned Department/Program Office Last day to drop course(s) with 50% adjustable refund Holiday: * Eid-e-Miladunnabi 1 st installment: A fine of Tk. 500/- will be imposed if 25% Tuition Fee and Semester Fee is not paid within this date. Transportation fee,",Academic Calendars Archive - United International University (UIU),https://www.uiu.ac.bd/academics/calendar/,academics,5,2026-06-16T08:12:24.383738
"Submission of Incomplete Grades of Spring 2025 Semester by concerned Department/Program Office Last day to drop course(s) with 50% adjustable refund Holiday: * Eid-e-Miladunnabi 1 st installment: A fine of Tk. 500/- will be imposed if 25% Tuition Fee and Semester Fee is not paid within this date. Transportation fee, if applicable, must be paid in full (no installment) Make-up class: Regular Saturday Classes Holiday: Durga Puja (for students only) Holiday: Durga Puja 2 nd installment: A fine of Tk. 500/- will be imposed if 50% Tuition Fee and Semester Fee is not paid within this date Last Day of Course Withdrawal 3 rd installment: A fine of Tk. 500/- will be imposed if 75% Tuition Fee and Semester Fee is not paid within this date Make-up class: Regular Tuesday classes 4 th installment: A fine of Tk. 500/- will be imposed if 100% Tuition Fee and Semester Fee is not paid within this date Holiday: Victory Day Classes will remain suspended for exam preparation Holiday: Christmas Day Last day of Grade Submission * Subject to the appearance of the moon. • UIU will remain closed on the day(s) declared as Government Holiday by the Govt. of the People's Republic of Bangladesh. Classes of Spring 2026 Semester Begin: Feb 28, 2026 (Sat) Admission Tests for Spring 2026 Semester: 1 st Admission Test: Sep 26, 2025 (Fri) - Last Date of Admission: Oct 12, 2025 (Sun) 2 nd Admission Test: Oct 31, 2025 (Fri) - Last Date of Admission: Nov 8, 2025 (Sat) 3 rd Admission Test: Dec 19, 2025 (Fri) - Last Date of Admission: Jan 4, 2026 (Sun) Course Advising & Registration Last day of Course Advising & Registration without Fine Holiday: Shaheed Dibash & International Mother language day Orientation Program: All Undergraduate & Graduate Programs at 3:00 PM Last day to drop course(s) with 100% adjustable refund only Last day to apply for Grade Change of a course (if any) of Fall 2024 Semester. Note: No application will be considered after the deadline. Last day of Course Advising & Registration with a Fine of Tk. 500/- Last day of Grade Submission of Incomplete Grades of Fall 2024 Semester by concerned Department/Program Office Last day to drop course(s) with 50% adjustable refund only 1 st installment: A fine of Tk. 500 /- will be imposed if 25% Tuition Fee and Semester Fee is not paid within this date. Transportation",Academic Calendars Archive - United International University (UIU),https://www.uiu.ac.bd/academics/calendar/,academics,6,2026-06-16T08:12:24.383738
"of Grade Submission of Incomplete Grades of Fall 2024 Semester by concerned Department/Program Office Last day to drop course(s) with 50% adjustable refund only 1 st installment: A fine of Tk. 500 /- will be imposed if 25% Tuition Fee and Semester Fee is not paid within this date. Transportation fee, if applicable, must be paid in full (no installment) Holiday: Independence and National Day Holiday: Jumu’atul-Widaa/ *Shab-e-Qad’r /*Eid-ul-Fit’r 2nd installment: A fine of Tk. 500/- will be imposed if 50% Tuition Fee and Semester Fee is not paid within this date. Holiday: Bangla New Year University remained closed due to unforeseen circumstances Holiday: May Day Holiday: *Buddha Purnima Holiday: *Eid-ul-Azha Remaining Mid-term Exam 3 rd installment: A fine of Tk. 500/- will be imposed if 75% Tuition Fee and Semester Fee is not paid within this date Last Day of Course Withdrawal Regular Sunday classes Holiday: *Ashura 4 th installment: A fine of Tk. 500/- will be imposed if 100% Tuition Fee and Semester Fee is not paid within this date. Classes will remain suspended for exam preparation Last day of Grade Submission Holiday: Janmashtami *Subject to the appearance of the moon. UIU will remain closed on the day(s) declared as Government Holiday by the Govt. of the People's Republic of Bangladesh. Classes of Fall 2025 Semester Begin: Aug 19, 2025 (Tue) Admission Test for Fall 2025 Semester: 1st Admission Test: Apr 25, 2025 (Fri) - Last Date of Admission: Jun 25, 2025 (Wed) 2nd Admission Test: Jun 20, 2025 (Fri) - Last Date of Admission: Jul 02, 2025 (Wed) 3rd Admission Test: Jul 11, 2025 (Fri) - Last Date of Admission: Jul 16, 2025 (Wed)",Academic Calendars Archive - United International University (UIU),https://www.uiu.ac.bd/academics/calendar/,academics,7,2026-06-16T08:12:24.383738
"Grading Performance Evaluation
Institute of Business & Economic Research
Academic Information Policies
Institute of Natural Sciences
Proctorial Committee Code of Conduct Proctorial Rules
Proctorial Rules
Schools and Institutes School of Business & Economics School of Humanities & Social Sciences School of Life Sciences School of Science & Engineering
School of Business & Economics
School of Humanities & Social Sciences
School of Life Sciences
School of Science & Engineering
The performance of a student in a given course is made through continuous evaluation that comprises quizzes/ in-course tests, class participation, attendance, home work/assignment, case study, mid-terms and trimester final examinations. Letter grades and grade points are used to evaluate the performance of a student in a given course. The table below shows the grading policy.
Grade Point Average (GPA) is the weighted average grade of a trimester while Cumulative Grade Point Average (CGPA) is the weighted average of the grade points obtained in all the courses completed by a student along with last trimester. For example, if a student passes/completes four courses in a trimester having credits of C1, C2, C3, & C4 and his grade points in these courses are G1, G2, G3, & G4 respectively then:
The course in which a student has obtained “D” or higher grade will be counted as earned credit hours. Any course in which a student has obtained “F” grade will not be counted towards his/her earned credit. In that case he/she will have to retake the course.
Incomplete (I) grade may be assigned in special circumstances at the discretion of course teacher. The student has to take the initiative to remove the “I” grade within 15 days of the following trimester. If action is not taken, the “I” grade will revert to “F”.
Students may select to retake a course if he or she thinks grade improvement is possible. Students who wish to retake a course must register for the course again and will have to pay tuition and other applicable fees. Degree requirements for both Undergraduate and Graduate Programs: CGPA 2.00.",Grading Performance Evaluation - United International University (UIU),https://www.uiu.ac.bd/academics/grading-performance-evaluation/,academics,0,2026-06-16T08:12:25.194661
"Full Faculty Members
Research Centers
Crore Taka Funded Projects
Journal & Conference Papers
UIU researchers regularly present their work at prestigious conferences around the world, engaging with fellow scholars and
industry professionals to exchange knowledge and drive innovation. Explore our growing repository of accepted and presented
conference papers that reflect the breadth and depth of research happening across UIU’s departments. Filter by discipline,
conference name, or publication year to find relevant work.
List of Journal Paper
List of Conference Papers
Conference Paper
Upcoming Conference
Research Projects
UIU Research Grant
Institute for Advanced Research (IAR)
Institute of Research, Innovation, Incubation and Commercialization (IRIIC)
Advanced Intelligent Multidisciplinary Systems Lab (AIMS Lab)
Institute of Business and Economic Research (IBER)
Institute of Development Studies and Sustainability (IDSS)
Institute of Islamic Banking, Finance and Economics (IIBFE)
Center for Smart Infrastructure Resilience and Sustainability (CSIRS)
Centre for Energy Research (CER)
Center for Development of IT Professionals (CDIP)
Centre for Artificial Intelligence and Robotics (CAIR)
Center for Emerging Networks and Technologies Research (CENTeR)
Bioinformatics Research Laboratory",Research - United International University (UIU),https://www.uiu.ac.bd/research/,research,0,2026-06-16T08:12:26.055049
"Departmental Laboratories
To prepare graduates for the technical challenges of the twenty-first century, we strive to offer top-notch instruction and on-the-job training.
Well Equipped Labs
Instruments & Devices
Invested in Labs Infrastructure
To prepare Pharmacy graduates for the technical challenges of the twenty-first century, we strive to offer top-notch instruction and on-the-job..
To prepare Civil graduates for the technical challenges of the twenty-first century, we strive to offer top-notch instruction and on-the-job..
To prepare EEE graduates for the technical challenges of the twenty-first century, we strive to offer top-notch instruction and on-the-job..
To prepare CSE graduates for the technical challenges of the twenty-first century, we strive to offer top-notch instruction and on-the-job..",Lab Facilities Archive - United International University (UIU),https://www.uiu.ac.bd/research/lab-facilities/,research,0,2026-06-16T08:12:28.294980
"UIU Debate Club (UIUDC) United International University Debate Club (UIUDC) was formed on February 14, 2004. It is one of the oldest clubs of UIU and one of the top debate clubs of the country. UIUDC has a long heritage of success in the debate arena from the last 18 Years. The objective of UIUDC is to create and nurture debaters, bearing the flag of UIU nationwide in the prestigious debating tournaments. UIU debate team has participated in different international tournaments in Malaysia, Philippine, Berlin (Germany), Oxford IV, and Cambridge IV etc. UIU CULTURAL CLUB (UIUCC) United International University Cultural Club (UIUCC) was established in 2006 with the objective of igniting the torch of culture among UIU students. Since its inception it has been performing healthy cultural activities for the last 16 years and has become the powerhouse of entertainment. It is the biggest club among UIU clubs and forums. This club regularly trains its members to perform singing, fashion show, choreography, skit, dancing, poem reciting, magic show, anchoring and what not! It arranges CLUB FORUM FEST, UNPLUGGED, MEGAHUNT, BOSHONTO UTSHOB, YOLO Fest, Alpona Utshob, Art & Essay Competition etc. It also coordinate to observe Pohela Boishakh, বিশ্বকবি রবীন্দ্রনাথ ঠাকুর ও জাতীয় কবিনজরুল ইসলাম এর জন্মজয়ন্তী, Friendship day, UIU Open day and other national days like Language Martyrs’ Day (21 st February), Martyred Intellectuals Day (14 th December), Victory Day (16 th December), Independence Day (26 th March) every year. UIU THEATER and FILM CLUB (UIUTFC) UIU Theatre and Film Club is one of the oldest clubs of UIU. It provides the opportunity to make the UIU students more confident by living a life of acting, mimicking and enjoying the character of beautiful life. It also helps to learn acting, direction, scriptwriting, stage performance and many more skills. They used to arrange dramas and short films, workshops and other competitions every year. Tokkor, Comedy Fest, Lights Camera Action (An international short film festival) are the flagship programs of UIUTFC. UIU PHOTOGRAPHY CLUB (UIUPC) The UIU Photography Club, initially known as the UIU Photography and Journalism Club, was founded in 2007. In 2009, it became the UIU Photography Club (UIUPC). Its primary mission is to inspire UIU students to pursue photography, fostering their passion through hands-on practice and shared experiences. UIUPC continually explores the creative realm of photography via workshops, photo-walks, and exhibitions, providing a platform for UIU’s photography enthusiasts to",Clubs & Forums - United International University (UIU),https://www.uiu.ac.bd/campus-life/clubs-forums/,campus_life,0,2026-06-16T08:12:29.889490
"In 2009, it became the UIU Photography Club (UIUPC). Its primary mission is to inspire UIU students to pursue photography, fostering their passion through hands-on practice and shared experiences. UIUPC continually explores the creative realm of photography via workshops, photo-walks, and exhibitions, providing a platform for UIU’s photography enthusiasts to hone their artistic skills. For the past three years, UIUPC has organized the “Shutter Stories” national photography exhibition, receiving a remarkable response and hosting it at Drik Gallery and Bangladesh Shilpakala Academy. UIUPC also organizes the following events: Muthography: Intra-University mobile phone photography exhibition Photo Carnivals : Intra-University photography exhibition Shutter Stories : National level photography exhibition UIU BUSINESS CLUB (UIUBC) UIU Business Club is one of the leading private university Business Clubs in Bangladesh. From its inception in 2012, its primary objective is to develop the latent professional and entrepreneurial potential of UIU students on the theme of IMAGINE > BELIEVE > CREATE. UIUBC is for dreamers and doers and its fundamental belief is that all students have immense entrepreneurial potential and it helps students discover and act upon that potential. UIUBC used to arrange Marketing Samurai, The Millionaire Mind and different workshop and seminars every year. UIUBC participates in different programs like Brandwitz and others. Team Arcane, a team consisting of former president and vice president, became champion of the HSBC-IBA Business Case Competition in 2018. UIU SPORTS CLUB (UIUSC) This is the only club which organizes all the sports activities of United International University. UIUSC organizes Annual Sports Competition, Intra-Varsity Cricket Tournament, Departmental Cricket Tournament, T-10 Cricket Tournament, T-20 Intra University Cricket Tournament, Intra-Varsity Football Tournament, Vice Chancellor Cup Football Tournament, Club Forum Futsal Football Tournament, Departmental Football Tournament and Inter College Football Tournament. UIUSC also arrange indoor games such as Inter University Table Tennis Tournament, Chase and Carom every year. UIUSC participates in different Cricket, Football, Tennis and Chess tournament outside university. UIU SOCIAL SERVICE CLUB (UIUSSC) Founded in 2011, the UIU Social Services Club (UIUSSC) stands as a prominent student organization at UIU. Its core mission is to extend a helping hand to the underprivileged within society. The club’s primary objective is to offer voluntary social services to those lacking basic necessities and opportunities. Annually, the UIUSSC organizes initiatives such as the Winter Clothing Drive, Blood Donation Campaign and Social Awareness Programs. UIU ELECTRICAL & ELECTRONICS CLUB (UIUEEC) Established in February 2013, UIU Electrical &",Clubs & Forums - United International University (UIU),https://www.uiu.ac.bd/campus-life/clubs-forums/,campus_life,1,2026-06-16T08:12:29.889490
"within society. The club’s primary objective is to offer voluntary social services to those lacking basic necessities and opportunities. Annually, the UIUSSC organizes initiatives such as the Winter Clothing Drive, Blood Donation Campaign and Social Awareness Programs. UIU ELECTRICAL & ELECTRONICS CLUB (UIUEEC) Established in February 2013, UIU Electrical & Electronic Club (UIUEEC) is the pioneering engineering students’ club at UIU. UIUEEC focuses on enhancing engineering students’ skills, offering technical guidance for academic and competition projects. These skills prepare students for the competitive job market and boost their confidence. The club hosts various events, including seminars, workshops, study tours, competitions, exhibitions, and webinars. It also arranges practical training sessions on different topics like embedded system, PLC, electronics circuit design, PCB design, programming etc. UIUEEC organizes its flagship Programs like EEE Department Project Show, EEE Day (Project Showcasing) and ‘Tech Quest’ which is the biggest technical festival of the university. Former executives of UIUEEC are working for various type of multinational and global brand company like Dhaka WASA, Toshiba, Energypac, Super Star Group BD, Doreen Group, Ulkasemi Limited, Solarland Bangladesh Co. Ltd., Centre for Energy Research (CER) of UIU, Scube Technologies Ltd., East Coast Group, SYMPA Solar Power Ltd., Sincos Automation Technologies Ltd., Instrumentation Engineering Services Ltd. (IESL) and many more. UIUEEC boasts its glorious participation in Techkriti 2018, held at Indian Institute of Technology Kanpur, India. In the Robo War Category of the competition, the club secured first position in the Bangladesh Zonal Round. UIU ROBOTICS CLUB (UIU Robotics) UIU Robotics Club was formed in 2016 to introduce the Embedded System and Robotics among the UIU students as well as building relationships with the corporate world. UIU Robotics is successfully doing research on Mars Rover organized by Mars Society. The objective of UIU Robotics is to build a progressive platform for Robotics enthusiasts by active participation in research, training, and contest, various programs, workshops and competitions that help to create connections among students, teachers, and employers. UIU Robotics Club has already developed some multicopter and participated in national and international events. SoccerBOT, an interesting event for the first time at UIU that is about playing football using own made robots. UIU COMPUTER CLUB (UIUCCL) UIU Computer Club is one of the active and popular clubs at UIU and has been working successfully from the beginning of UIU. The objectives of this club are to widen the scope of its members",Clubs & Forums - United International University (UIU),https://www.uiu.ac.bd/campus-life/clubs-forums/,campus_life,2,2026-06-16T08:12:29.889490
"UIU that is about playing football using own made robots. UIU COMPUTER CLUB (UIUCCL) UIU Computer Club is one of the active and popular clubs at UIU and has been working successfully from the beginning of UIU. The objectives of this club are to widen the scope of its members to make them prepare for the competitive software and IT industry. It aims to impart knowledge that is not usually covered in mainstream areas therefore it will be beneficial to our members. UIU Computer Club covers a wide array of areas, including ASP.NET, PHP, Android, ACM, Networking, Robotics, and Website Design. Additionally, the club serves as a bridge between the IT industry and the academic realm, facilitating interaction and collaboration. It hosts a range of impactful events such as the Google Android Study Jam, Design Thinking Workshop, UX/UI Workshop, and Cross Platform Game Development Workshop. UIU SUPPLY CHAIN CLUB (UIUSCC) UIU Supply Chain Club (UIUSCC) was recently formed with the students of Department of BBA majoring in Management who have interest in operations management, project management and supply chain management. The mission of the club is to provide students with an opportunity to get beyond pure classroom learning and to interact with practicing managers. It aims to educate and engage students about the broad area of supply chain, which encompasses roles from logistics to sustainability and numerous others. The club provides opportunities for supply chain management students to engage with their class and the community and introduce them to the world of supply chain and help them thrive in it upon graduation. MODEL UNITED NATION CLUB (MUN CLUB) UIU Model United Nations Club is designed to help students acquire the leadership skills. UIU MUN Club members have already participated in several international programs like Asian International Model UN 2011 (AIMUN), China, Global Model UN Conference 2011 (GMUN), South Korea, Columbia Model United Nations VI (CMUNNY), New York, USA, Bangladesh International MUN 2012 (BIMUN) and Bangladesh MUN 2012 (BIMUN). UIU Marketing Forum UIU Marketing Forum is a wing of UIU Directorate of Career Counseling & Student Affairs. The objective of the forum is to develop an exclusive network of marketing students of UIU and also to develop relationships with marketing leaders of Bangladesh. Brand Master is its signature program. UIU Human Resource Forum (UIU HRF) is a platform for students where they can learn and get to know about the corporate",Clubs & Forums - United International University (UIU),https://www.uiu.ac.bd/campus-life/clubs-forums/,campus_life,3,2026-06-16T08:12:29.889490
"forum is to develop an exclusive network of marketing students of UIU and also to develop relationships with marketing leaders of Bangladesh. Brand Master is its signature program. UIU Human Resource Forum (UIU HRF) is a platform for students where they can learn and get to know about the corporate world and to know about HR works and responsibilities in the corporate sectors. We are a bridge that connects to the corporate world. Since its inception in 2014, the forum has been regarded as one of the most prestigious and renowned student activity organizations which has been keeping its motto from its first day. From workshops to seminars, from national and intra level competitions to excursions, we try to bring everything possible for the benefits of the students. We maintain a great unity from alumni to current members of the forum. Our strength is our bond bet wee n the past and present. Our legacy keeps intact through a strong leadership under the guidance of the Advisor Panel by bearing the motto of PEOPLE, PROCESS & POWER . HR Hulk is its signature program. UIU Finance Forum UIU Finance Forum is a student initiative which started in 2014. The forum was formed with an objective of sharing knowledge and information about the financial sector and bringing about active participation. Market updates and gives you the opportunity to connect with other financial professionals. Train Students for their development &Evaluate students’ performance. In addition, we organize networking events. We are a team working to match education to the practical world & our work for finance. The Excelist is its signature program. UIU Accounting Forum UIU Accounting Forum is Nurturing Soft Skills of the students to prepare them not only perfect for the Corporate Galaxy, but also as a great human being by Organizing, Developing and Implementing all programs through talents to enhance our knowledge. Accounting Olympiad is its signature program UIU App Forum is a great initiative of UIU campus to develop revolutionary apps and services for promoting digital Bangladesh and its activity. This platform not only serves to promote app ideas, but also encourages people to share their experience, programming ideas and marketing in the same phase. Our forum is also dedicated to making a tech revolution to enhance human empowerment. UIU App forum motivates each and every student from any category to think and share their ideas and services among",Clubs & Forums - United International University (UIU),https://www.uiu.ac.bd/campus-life/clubs-forums/,campus_life,4,2026-06-16T08:12:29.889490
"but also encourages people to share their experience, programming ideas and marketing in the same phase. Our forum is also dedicated to making a tech revolution to enhance human empowerment. UIU App forum motivates each and every student from any category to think and share their ideas and services among everyone. We also support and guide them to execute their conception. This forum will help everyone to make eventual dissolution of marketing, programming and design to create the most effective experience for their services/ideas. Anybody from different disciplines can join and form a team to start up with their ideas to reach their goals with the leverage of mobile revolution. UIU Communication Society UIU Communication Society was founded in 2017 but re-established in 2019. Since then its main target is to enhance and develop students’ communication skills in both Bengali and English. It is a platform where students get an opportunity to regularly practice their communication skills. It conducts weekly in-house sessions for their members where they participate in group discussion, practice grammar, speaking & writing . UIUCS also focuses on developing skills like email writing, working with Google suite, basic designing and many more basic skills required in daily life. Along with the in-house sessions, we work with reputed companies and arrange different skills development workshops, sessions, training for everyone. All the recorded programs are also uploaded in their YouTube channel for later use by the participants and everyone. UIU Entrepreneur Development Forum UIU EDF’s vision is to develop prudential entrepreneurs who can compete in this high-tech competitive world & by breaking dogma they will be able to create their own reality & pull their own stream. The forum influences our students to think big, dream big & educate them to understand the notion of entrepreneurship. Entrepreneurship 360 degree is its signature program. UIU English Language Forum UIU English Language Forum consists of the students of UIU who are eager to improve their English language proficiency. Not only English proficiency but also work with students career development. To develop the English language skill we arrange seminars, workshops, competitions, interactive sessions and study circles. English Edge is its signature program. UIU Association of Civil Engineering Students UIU Association of Civil Engineering Students (UIUACES) is a platform for the Civil Engineering Students of United International University to develop Engineering Skills. It is newly formed under the direct supervision of an advisory",Clubs & Forums - United International University (UIU),https://www.uiu.ac.bd/campus-life/clubs-forums/,campus_life,5,2026-06-16T08:12:29.889490
"sessions and study circles. English Edge is its signature program. UIU Association of Civil Engineering Students UIU Association of Civil Engineering Students (UIUACES) is a platform for the Civil Engineering Students of United International University to develop Engineering Skills. It is newly formed under the direct supervision of an advisory panel of UIU. UIU Science Forum UIU Science Forum is built upon the purpose of cultivating the interest of the students in different branches of natural science- physics, chemistry, mathematics and even biology. From the intermediate level to the undergrad- a significant transition happens to the students, particularly to the engineering students. They dive into the realm of applied field more. But no one can deny the importance of basic natural sciences and even more interestingly, many of our students have a thirst to know more about the pure science fields. In the undergraduate syllabus, they may get two-three courses in mathematics, physics and chemistry. But it is not enough for the enthusiastic students. To be more specific, students who want to participate in various competitions like Mathematics/Physics/Chemistry Olympiads need a platform to sharpen their background more. For the first time in UIU, a platform to face this demand is created. This platform is our UIU Science Forum. UIU Science Forum will be coordinated by Institute of Natural Sciences (INS), UIU. Founded in 2006, INS consists of three disciplines of sciences- physics, chemistry and mathematics. INS is committed to nurture and sharpen the intellectual growth and skills of the students through the application and dissemination of engineering. To prepare our students better for the Olympiads and also to give them a solid background on branches of physical sciences- UIU science forum will work passionately. The activities of UIU Science Forum include the arrangements of related seminars, workshops, training programs, intra and inter university Olympiads, talks etc. In the limited time allotted for the class, it is a duty to follow a carefully organized syllabus. But often the enthusiastic students need some more time, some more knowledge and some more guidance from the respected faculties. UIU Science Forum creates the ground of that interaction between students and faculties beyond the class time. We are at the very beginning of the journey of UIU Science Forum and we hope it will be one of the most engaging parts of UIU. It will evolve with time like all the things but the main",Clubs & Forums - United International University (UIU),https://www.uiu.ac.bd/campus-life/clubs-forums/,campus_life,6,2026-06-16T08:12:29.889490
"of that interaction between students and faculties beyond the class time. We are at the very beginning of the journey of UIU Science Forum and we hope it will be one of the most engaging parts of UIU. It will evolve with time like all the things but the main theme will always be to nurture the need of knowledge in a more interactive, engaging and effective way. UIU Literature & Writers’ Forum It’s an open platform for whom, who loves writings. This forum has developed to discuss about the cultivate knowledge of human. UIU Junior Economists’ Forum UIU Junior Economics’ Forum is to foster the advancement of the social sciences and serve the community by informing them of events on economic issues. It provides the students with information and literature concerning work in the field of economics. Hult Prize at UIU is its signature program",Clubs & Forums - United International University (UIU),https://www.uiu.ac.bd/campus-life/clubs-forums/,campus_life,7,2026-06-16T08:12:29.889490
"Discover the Vibrant Student Life at UIU
Engage in Diverse Clubs, Cultural Events, and Community Initiatives. Experience a Supportive Environment that Nurtures Personal Growth and Lasting Friendships. Join UIU for an Unforgettable Journey Beyond Academics.
The student life at United International University (UIU) is dynamic, enriching, and multifaceted, thanks to the dedicated efforts of the Directorate of Career Counseling and Student Affairs (DCCSA). With a vision to be a center of excellence in career counseling and student affairs, the DCCSA plays a pivotal role in shaping the holistic development of UIU students.
The mission of DCCSA revolves around facilitating resources and activities to enhance students’ experiences beyond the classroom. Internship placement, job search and placement assistance, and workshops on essential skills like resume writing and interview techniques are integral to the services provided. The DCCSA fosters corporate relationships, maintaining an employer database and collaborating with bdjobs.com for job services.
Beyond academics, students benefit from a range of co-curricular and extra-curricular activities. The plethora of clubs and forums under DCCSA, such as the UIU Debate Club, Cultural Club, Photography Club, and Robotics Club, provide platforms for students to explore their passions and interests. These clubs organize flagship events, competitions, and activities, contributing to the vibrant campus life.
The DCCSA also extends support through services like counseling, student loans, financial assistance, and recreational facilities, including a gymnasium and game facilities. The presence of various forums like the UIU Marketing Forum, HR Forum, and Finance Forum adds to the diversity of opportunities for students to engage in professional development.
In essence, the UIU student life is a blend of academic excellence, career development, and a rich tapestry of cultural and extracurricular experiences, ensuring that students graduate not only with knowledge but also with a well-rounded skill set and a network of like-minded individuals.",Student Life - United International University (UIU),https://www.uiu.ac.bd/campus-life/student-life/,campus_life,0,2026-06-16T08:12:30.701115
"Contact & Location
United City, Madani Avenue, Badda, Dhaka, Dhaka 1212, Bangladesh
Please use the following form to contact the department/person.
Important Contacts
Extension: 1301, 1302, 1303, 1304, 1305
Extension: 1202, 1203, 1204, 1205, 1206
Extension: 5100, 5151, 5152
DCCSA Personnel:
Mr. Md. Aminul Islam Deputy Director, DCCSA aminul.islam@admin.uiu.ac.bd 01712211839 FOCUS AREA: Career Counseling
Mr. Shohel Rana Senior Executive, DCCSA shohel@admin.uiu.ac.bd 01722390833 FOCUS AREA: Student Affairs
Mr. Md. Mahfuzul Kabir Senior Executive, DCCSA mahfuzul@admin.uiu.ac.bd 01727146525 FOCUS AREA: Student Affairs, Alumni & Sports
Mr. Rashed Imtiaz Executive, DCCSA rashedimtiaz@admin.uiu.ac.bd 01682079946 FOCUS AREA: Career Counseling & Student Affairs
Mr. Md. Fishan Ahamed Executive, DCCSA fishan@admin.uiu.ac.bd 01712556287 FOCUS AREA: Student Affairs
Ms. Samiha Islam Assistant Executive, DCCSA samiha@admin.uiu.ac.bd 01731186260 FOCUS AREA: Student Affairs
Mr. Md. Nizam Uddin Manik Physical Instructor, UIU Gymnasium, DCCSA nizam@admin.uiu.ac.bd 01912288955 FOCUS AREA: UIU Gymnasium
Extension: 1407, 1408
Extension: 1901-04
Extension: 2101-03, 2105, 2106",Contact Us - United International University (UIU),https://www.uiu.ac.bd/contact-us/,administration,0,2026-06-16T08:12:31.890383
"UIU Makes New History at URC 2026: 3rd Globally and 1st in Asia — Bangladesh’s Flag Flies High for the Fifth Consecutive Time
History now has a new name: UIU
“Kickstart your Robotics and IoT Journey” held successfully at UIU
Workshop on ‘Case Cracking Simplified’
UIU Lecturer Honored with CREST Fellowship to Advance Semiconductor Research in Bangladesh
UIU Celebrates 8th Convocation, Awards Degrees to 1,736 Graduates
UIU Social Services Club Took a Humanitarian Initiative for Cold-Stricken People
MoU signed between UIU and PrimeSilicon Technology (PST)
United International University (UIU) joins CREST – A National Leap Toward Semiconductor Excellence
Research Catalyst @ UIU
Global Student Entrepreneur Awards (GSEA) 2025
UIU MARINER Team Secured 1st in Asia & 5th in the World at MATE ROV World Championship 2025",News Archive - United International University (UIU),https://www.uiu.ac.bd/news,general,0,2026-06-16T08:12:34.035349
"School of Business & Economics At United International University we see the curriculum as something that embraces more or less everything that a student does. You may ask why we see the curriculum that way. For many university, the curriculum is just the academic part of what a student studies. But that really doesn’t do justice to what an education is. A business education can be a valuable investment in your own future. And, the right learning experience returns value in ways that go well beyond the monetary. The education you receive at SoBE will empower you with the knowledge, skills, and long-term vision that lead to innovation and growth. View All Program The Cogs That Turn The Wheels Of Our Success Explore our diverse faculty members' profiles, featuring esteemed scholars, industry experts, and experienced educators. Learn about their research interests, professional backgrounds, and contributions to shaping the next generation of business leaders. Dr. M Niaz Asadullah Advisor - School of Business & Economics, School of Business & Economics (SoBE) Dr. Mohammad Musa Professor, School of Business & Economics (SoBE) Professor, School of Business & Economics (SoBE) Dr. Abu Saleh Md. Sohel-Uz-Zaman Professor, School of Business & Economics (SoBE) Dr. Mohd. H. R. Joarder Professor, School of Business & Economics (SoBE) Dr. Md. Mohan Uddin Professor, School of Business & Economics (SoBE) Dr. Kawsar Ahmmed Professor, School of Business & Economics (SoBE) Dr. Khandoker Mahmudur Rahman Professor, School of Business & Economics (SoBE) Dr. Md. Shariful Alam Professor, School of Business & Economics (SoBE) Dr. James Bakul Sarkar Professor, School of Business & Economics (SoBE) Immerse in UIU's vibrant campus life. From student clubs to cultural events, there's something for everyone. Explore Campus Life United International University (UIU) is acclaimed for its educational quality, boasting notable rankings and recognitions in higher education, reflecting its commitment to academic and research excellence on both a national and global scale. Study Tour to Sylhet Seminar on Incorporating AI in Management Accounting (ACN 2215) Special talk on Structural Limitations in Addressing Poverty and Inequality in Bangladesh: The Need for Adopting an Inclusive Development Agenda. Seminar on Zakat & Other Islamic Social Finance Jointly organized by Institute of Islamic Social Finance (IISF) and Institute of Islamic Banking, Finance and Economics (IIBFE) Class Postponement Notice BBA, BBA in AIS and BSECO Programs: Course Evaluation for Spring 2026 Trimester Course Pre-advising (course selection) & Final-advising (section &",Home - UIU - School of Business and Economics,https://sobe.uiu.ac.bd,academics,0,2026-06-16T08:12:35.676952
"Seminar on Zakat & Other Islamic Social Finance Jointly organized by Institute of Islamic Social Finance (IISF) and Institute of Islamic Banking, Finance and Economics (IIBFE) Class Postponement Notice BBA, BBA in AIS and BSECO Programs: Course Evaluation for Spring 2026 Trimester Course Pre-advising (course selection) & Final-advising (section & time selection) for MBA & EMBA programs for Summer 2026 Trimester Circular for TA : ACBSP MBA & EMBA: Course/teacher evaluation notice for Spring 2026 Trimester Discover the Latest: Dive into UIU's Current News, Featuring Exciting Developments, Achievements, and Stories. Be in the Know with Our University's Vibrant Community and Events View All News The mission of UIU is to create excellent human resources with intellectual, creative, technical, moral and practical skills to serve community, industry and region.",Home - UIU - School of Business and Economics,https://sobe.uiu.ac.bd,academics,1,2026-06-16T08:12:35.676952
"United International University is established with the generous support and patronage of the United Group, a very successful conglomerate operating in diverse business areas in Bangladesh.
Full Time Faculty Members
United International University is a private university approved by the Government of the People’s Republic of Bangladesh and University Grants Commission (UGC) of Bangladesh.
The vision of UIU is to become the center of excellence in teaching, learning and research in the South Asian region.
The mission of UIU is to create excellent human resources with intellectual, creative, technical, moral and practical skills to serve community, industry and region.
The permanent campus of UIU has been built on a plot of 25-bigha land located at the “United City”, Madani Avenue, Badda (2.5 km east of US Embassy) comprehensively. The University had shifted to its permanent campus and started all its academic & administrative activities from February 2018.
Vision Mission Goals
General Information
Guiding Principles
Ranking & Accreditation",About UIU - United International University (UIU),https://www.uiu.ac.bd/about-uiu,about,0,2026-06-16T08:12:38.195732
"Pathao Presents ‘𝗦𝗮𝗳𝗲 থাকি, 𝗦𝗮𝗳𝗲 রাখি’
Augmedix Hiring Hacks – RCM Edition 202
Grand Finale of The Orange IV – Inter University BP Debate Tournament
Employability in Financial Institutions in the Age of AI
Mock Interview Session
Grand Finale of UIUDC MIC MASTERS 1.0 – Intra-university Public Speaking Competition
Corporate Excel- Professional Skills Development Program 4.0
Mock Interview Session- Professional Skills Development Program 4.0
Looking Ahead by Looking Back _ The Changing Nature of the Supply Chain Landscape and What to Teach and Research
Dhaka Region Roadshow on National Android Development Boot Camp (NADB) 2026
Mobile Photography Workshop
Cancer Awareness Talk ‘Common Adult Cancers: Prevention, Screening & Treatment’",Events Archive - United International University (UIU),https://www.uiu.ac.bd/event,general,0,2026-06-16T08:12:41.648461
"Bachelor of Science in Economics
Economist analyse how individual, society and government institutions make efficient allocation of limited resources. They apply the economic knowledge to understand these choices, social context in which they have been made and their implications for human welfare. The study of economics is therefore an excellent way to acquire problem-solving skills and develop a logical, ordered way of looking at problems. It leads naturally to careers in business, economics research and consulting. At United International University, our economics graduates gets the opportunity to study a wide range of issues, including quantitative economic theories and application, international economics, development economics, environmental economics, business economics and financial economics. Our courses combine all the core analytical and quantitative techniques required by the modern economics graduates and taught by highly qualified academicians.
Admission Requirement
Strength of Department
Tuition Fee Waiver
Undergraduate Programs
Why Study Economics
Immerse in UIU's Campus Life: Experience Our Dynamic Community through Cultural Events, Clubs, Sports, and Social Activities. Discover, Participate, and Enrich Your University Journey!
BBA, BBA in AIS and BSECO Programs: Course Evaluation for Spring 2026 Trimester
Circular for TA : ACBSP
BBA, BBA in AIS and BSECO Programs: Course Pre-Advising (Course selection) for Summer 2026 Trimester
Internship/Project Supervisor Allocation: 2nd list- Spring 2026
Internship in Spring 2025 for SoBE & SoSE
Explore UIU's Vibrant Campus Life: Check Out Upcoming Events, Workshops, and Gatherings. Connect, Learn, and Grow with Our Engaging University Events and Activities!
Discover the Latest: Dive into UIU's Current News, Featuring Exciting Developments, Achievements, and Stories. Be in the Know with Our University's Vibrant Community and Events.
News UIU Hosts Iftar and Doa Mahfil to Mark Ramadan Sanguinity April 21, 2024
News Webinar on the World of Analytics March 24, 2022
News Teaching Assistant (TA) Wanted January 2, 2022
UIU graduates excel globally, acclaimed by QS Asia 2019-2023 and THE Impact Rankings. Accredited by IEB and ACBSP, UIU matches public universities in infrastructure. It boasts Dhaka's largest green campus, promoting eco-friendly learning spaces and stands out as a top institution for industry-ready professionals worldwide.
Undergraduate Retention Rate
In 4 different school.
Certificate & Postgraduate programs.
Strong alumni network at home and abroad.",Economics - UIU - School of Business and Economics,https://sobe.uiu.ac.bd/economics/,academics,0,2026-06-16T08:12:42.929147
"Academic Council
Pro Vice Chancellor
Director (Coordination)
Prof. A.S.M. Salahuddin
Director (Coordination), United International University
Former Registrar, United International University
BA (Hon’s), MA (Economics), University of Dhaka
Former Director General (In-charge), Directorate of Secondary & Higher Education, Ministry of Education, Bangladesh
Former Director (College & Administration) , Directorate of Secondary & Higher Education
Former Project Director , Estt. of Ten Nos. Higher Secondary Model School Project, Ministry of Education.
Former Principal , Chittagong Govt. Women’s College
Office of the Director (Coordination) United International University United City, Madani Avenue,  Badda, Dhaka 1212, Bangladesh. Phone: +88 09604-848-848 su@uiu.ac.bd",Director (Coordination) - United International University (UIU),https://www.uiu.ac.bd/authorities/director-of-coordination/,general,0,2026-06-16T08:12:43.763152
"Academic Council
Pro Vice Chancellor
Director (Coordination)
Dr. Md. Zulfiqur Rahman
Registrar, United International University
Master of Arts in Diplomacy and Administration of International Organizations, University of Paris, France (1994)
MBBS, Rajshahi Medical College, Rajshahi, Bangladesh (1985)
Ambassador of Bangladesh to Turkey (with concurrent accreditation to Azerbaijan, Bulgaria, and Georgia), South Korea, and Brazil (with concurrent accreditation to Argentina, Bolivia, Chile, Cuba, Paraguay, Uruguay, and Venezuela).
Secretary, Ministry of Foreign Affairs, Government of Bangladesh
Office of the Registrar United International University United City, Madani Avenue,  Badda, Dhaka 1212, Bangladesh. Phone: +88 09604-848-848
Email: registrar@uiu.ac.bd , zulfiqur@uiu.ac.bd",Registrar - United International University (UIU),https://www.uiu.ac.bd/authorities/registrar/,general,0,2026-06-16T08:12:44.819826
"Explore the career opportunities we have at United International University (UIU)
UIU IS AN EQUAL OPPORTUNITY EMPLOYER
Professor Civil Engineering
Department of Civil Engineering
Associate Professor Civil Engineering
Department of Civil Engineering
Lecturer Civil Engineering
Department of Civil Engineering
Office of the Registrar
Assistant Professor Pharmacy
Department of Pharmacy
Lecturer Pharmacy
Department of Pharmacy
Associate Professor EEE
Department of Electrical and Electronic Engineering
Assistant Professor EEE
Department of Electrical and Electronic Engineering
Department of Electrical and Electronic Engineering
Professor Microbiology and Immunology
Microbiology and Immunology
Associate Professor Microbiology and Immunology
Microbiology and Immunology",Careers Archive - United International University (UIU),https://www.uiu.ac.bd/career/,general,0,2026-06-16T08:12:47.351618
"Admission Open For Spring 2026 Our mission is to deliver high-quality education and hands-on practical training to prepare graduates in the field of Data Science for the technological challenges of the 21st century. We are committed to fostering students' development in learning ethics, promoting professional conduct, cultivating critical thinking skills, and honing collaborative abilities within a team setting. Our thriving residential campus is home to a community of creative and accomplished people from around the world. Applicants will be required to sit for an admission test to judge their abilities and aptitude for the program. The test will be held as arranged by the university. The admission test will cover the following areas: 1. Language and Communication 1. Language and Communication There are 21 fully functional computer laboratories, each equipped with up to 35-36 Dell PCs with Intel Core-i7 processors, 16GB RAM, and 256GB-512GB SSD disk storage. In addition to these, there are 5 (five) fully equipped hardware-based IoT and Microprocessor labs with state-of-the-art equipment readily available for teaching-learning and experiments. The curriculum has been developed with input from local and international academic and industry experts to meet international and national benchmark requirements. The faculty pool consists of 16 full-time members with PhDs from North America, Europe, Japan, Korea, and Australia, experts in the key areas of data science and the subjects relevant to Industry 4.0. June 9, 2026 On-line Course Evaluation Spring 2026 TRIMESTER May 16, 2026 Revised Exam Routine Template_ Summer 2026 Trimester May 9, 2026 BSDS Course Offerings (Summer 26) May 9, 2026 Advisors List Summer 2026 May 2, 2026 BSDS Course Offerings Summer 2026 April 26, 2026 Course Withdraw Notice – Spring 2026 Trimester December 2, 2024 Internship in Spring 2025 for SoBE & SoSE December 2, 2024 October 8, 2025 4:00 pm Open Trial for “Vice Chancellor Cup Football Tournament 2025 – Season 3″ Venue: UIU Football Ground October 8, 2025 4:00 pm Venue: UIU Football Ground August 15, 2024 12:00 am Quia dolore enim dol. Venue: Optio laboris accus August 15, 2024 12:00 am Venue: Optio laboris accus July 10, 2024 2:30 pm Workshop on Speak Bold: Turning Stage Fright into Confidence Venue: July 10, 2024 2:30 pm April 21, 2024 UIU Hosts Iftar and Doa Mahfil to Mark Ramadan Sanguinity September 14, 2023 Professor of Data Science touches a new milestone! September 14, 2023 September 14, 2023 MoU Between CAIR, UIU, and Nodes",UIU - BSc in Data Science,https://datascience.uiu.ac.bd/,general,0,2026-06-16T08:12:48.390011
"on Speak Bold: Turning Stage Fright into Confidence Venue: July 10, 2024 2:30 pm April 21, 2024 UIU Hosts Iftar and Doa Mahfil to Mark Ramadan Sanguinity September 14, 2023 Professor of Data Science touches a new milestone! September 14, 2023 September 14, 2023 MoU Between CAIR, UIU, and Nodes Digital Ltd to Advance Robotics Research and Innovation September 14, 2023 August 26, 2023 Why Data Science?",UIU - BSc in Data Science,https://datascience.uiu.ac.bd/,general,1,2026-06-16T08:12:48.390011
"Continuing Education
Quest For Excellence
From different centers and institutes UIU offers over 40 short professional courses.
Center for development of IT Professionals (CDIP) has established in United International University (UIU) with the goal to prepare or develop the engineering students properly for fitting themselves in to industry.
United International University (UIU) has become the eleventh Cisco Networking Academy in June 2007 under Cisco Systems, a world-renowned company that designs, manufactures and sells networking equipment.
The school of business has established itself a very prosperous academic place. It is successfully producing industry standard graduates. The school has also emphasized on developing research & training activities
VLSI Training Academy also known as VTA, is the professional chip designing academy under United International University. VTA is the first training academy for VLSI and analog IC design",Continuing Education - United International University (UIU),https://www.uiu.ac.bd/continuing-education/,general,0,2026-06-16T08:12:49.169333
"Office of the Vice Chancellor
Office of the Treasurer
Office of the Registrar
Office of The Controller of Examinations
Directorate of Career Counselling & Student Affairs
Center For International Affairs and Cooperation (CIAC)
Public Relations Office
Admissions Office
Finance & Accounts
Shaheed Irfan Library
Center for IT Services",Offices Archive - United International University (UIU),https://www.uiu.ac.bd/offices/,general,0,2026-06-16T08:12:50.552042
"Admission Test Procedure Admission Test Result Admission Requirements Date of Admission Test Admission Procedure Direct Admission Notice Credit Transfer to UIU Undergraduate Programs Admission & Registration Procedure Graduate Programs Admission Test Syllabus Admission Advertisements Tuition Fees & Payment Policies Scholarship, Tuition and Other Fees, Waiver Policy Payment Policies Payment Procedure Tuition Fees & Waivers Scholarship, Tuition and Other Fees, Waiver Policy Payment Policies Payment Procedure Tuition Fees & Waivers Admission Test Dates for Summer 2026 Trimester Undergraduate Admission Graduate Admission Admission dates for Fall 2026 Semester A. Instructions: 1. Every student must sit for the Admission Test, as follows: (a) Interview Only: Students who have GPA 5.00 in HSC or equivalent exams, 4 A’s in O-Level (with a minimum GPA of 2.5 in O-Level and 2.0 in A-Level), or a minimum SAT-I score of 1000 (with valid SSC/O-Level and HSC/A-Level qualifications) will be required to appear only for the interview. (b) Written Test and Interview: All students will have to sit for written test and appear at interview except those mentioned in (a). 2. Candidates must have passed HSC/Diploma or equivalent exams/A-level within five (5) years of the result publication to be eligible to apply for any undergraduate program (except B.Phram). If the study gap exceeds five years, the applicant must submit a written application stating the reason. The concerned authority will review the case and make a decision accordingly. Such students will have to sit for both the written admission test and the interview. 3. Students from HSC/Diploma or equivalent exams/ A-Level backgrounds whose results have not yet been published are also eligible to sit for the admission test and interview under the “appeared” category. However, he/she must submit the final result before admission at UIU. Without the HSC/Diploma or equivalent examination/A-Level final result, no admission will be granted. 4. Acceptable score in UIU admission test. Successful applicants must complete admission procedures within a specified date, which will be mentioned in the Admission Test Result notification. B. Admission Test Syllabus i. Undergraduate Admission Test Procedure and Syllabus: Click here ii. Graduate Admission Test Syllabus MBA : A One-hour admission test consisting of three sections (i) Multiple-choice questions in English (Grammar, Reading Comprehension), (ii) Multiple-choice questions in Mathematics (Quantitative, Arithmetic, Elementary Algebra, Commonly known concepts of Geometry), (iii) Short Essay writing. EMBA, MSCSE, MSECO & MDS : Students are required to attend Viva Voce and shall have to bring all",Date of Admission Test - United International University (UIU),https://www.uiu.ac.bd/admission/admission-notice/,admission,0,2026-06-16T08:12:51.306820
"test consisting of three sections (i) Multiple-choice questions in English (Grammar, Reading Comprehension), (ii) Multiple-choice questions in Mathematics (Quantitative, Arithmetic, Elementary Algebra, Commonly known concepts of Geometry), (iii) Short Essay writing. EMBA, MSCSE, MSECO & MDS : Students are required to attend Viva Voce and shall have to bring all Academic Certificates, Transcripts & Job Experience Certificates at the time of Viva Voce. * UIU reserves the right to change the policies, fees, curricula, or any other matters without any prior notice. * Collection of Admission Form : Admission Form is available at UIU Admission Office in working days ( Saturday to Wednesday ) between 9:00 AM to 4:00 PM. on payment of Tk. 1000/= (non-refundable) for one school. An additional fee of Tk. 500/- will be charged for each extra school. Online Application: https://admission.uiu.ac.bd/ The students who graduated from the Universities mentioned are not eligible to apply for admission America Bangladesh University Darul Ihsan University Queens University IBAIS University",Date of Admission Test - United International University (UIU),https://www.uiu.ac.bd/admission/admission-notice/,admission,1,2026-06-16T08:12:51.306820
"(EO 021) Request for Grade I (incomplete)
Address Changing Form
Alumni Waiver (EO 027)
Alumni’s Sibling Waiver (EO 028)
Application for Admission Cancellation
Application for Trimester /Semester Drop
Application form for the Service of Transportation
Cash/Purchase Requisition Form
Change Control Request Form for Software/Automation (CITS-001)
Clearance Form for Faculty
Clearance Form for Staff
Course Waiver (EO 022)
Course Withdrawal Form (EO 029)
Credit Transfer (EO 023)
Department Change Form (EO 011-2)
Grade Change Appeal Form
ID Caution Fee Refund application
Internship Registration  Form (Fall 2020)
Late Registration Application Form (EO 031)
Leave Form (General) for Faculty
Leave Form (General) for Admin Personnel
Leave Form (Maternity Leave) for Admin Personnel
Leave Form (Maternity Leave) for Faculty
Leave Form (Station Leave-Admin)
Leave Form (Station Leave-Faculty)
Office/Dept. Requisition Form
Providing Documents in Sealed Envelope
Refund of Extra Money application
Requisition of equipment’s for Seminar/Workshop/Program
Requisition to PRO & Comms for Program Coverage
Scholarship Certificate application
Server Requisition Form (CITS-002)
Vehicle Requisition Form
Reimbursement of Non-Indexed Conference/Seminars/ Workshop
Reimbursement of Membership Fee of Professional Body
Reimbursement of the Registration Fee for Publishing Paper(s) in Scopus-indexed Conference for Students
Reimbursement of the Registration Fee & other Expenses for Publishing Paper(s) in Scopus-indexed Conference
Reimbursement of Expenses for publishing article in a Scopus-indexed Journal
Reward for publishing article in a Scopus-indexed Journal",Necessary Forms - United International University (UIU),https://www.uiu.ac.bd/necessary-forms/,general,0,2026-06-16T08:12:52.403260
"Welcome to BSS in Environment and Development Studies Sustainable Development is a challenge of the moment. The youth are expected to lead the sustainable development movement. There is no alternative to interdisciplinary knowledge and competency in leading Sustainable Development. Besides theoretical ground, an empirical understanding of the three main ‘Pillars of Sustainable Development: Environment, Social, and Economic Development’ is crucial. Program offered by the Department Environment and Development Studies in UIU nourishes you to grow as a compatible young leader to reconstruct a knowledge-based sustainable society. The graduates in Environment and Development Studies from UIU will have employment opportunities in the government organizations, banks and financial institutions, education and research institutions, non-government and private organizations, NGOs, INGOs, industries, electronic and print media, power sector organizations, and in various sectors in the national and international domain. The Cogs That Turn The Wheels Of Our Success The mission of UIU is to create excellent human resources with intellectual, creative, technical, moral and practical skills to serve community, industry and region. Professor, Department of Environment & Development Studies Dr. Sharif Ahmed Mukul Associate Professor, Department of Environment & Development Studies Dr. Shantanu Kumar Saha Associate Professor, Department of Environment & Development Studies Dr. Naima Ansar Khan Associate Professor, Department of Environment & Development Studies Mr. Oliver Tirtho Sarkar Assistant Professor (Category 2), Department of Environment & Development Studies Ms. Taniah Mahmuda Tinni Assistant Professor (Category 2), Department of Environment & Development Studies Ms. Jemima Jahan Meem Lecturer, Department of Environment & Development Studies Ms. Mallika Datta Lecturer, Department of Environment & Development Studies Dr. Sabrina Islam Assistant Professor (Category 1), Department of Environment & Development Studies Mr. Md. Mizanur Rahman Assistant Professor (Category 2), Department of Environment & Development Studies Immerse in UIU's Campus Life: Experience Our Dynamic Community through Cultural Events, Clubs, Sports, and Social Activities. Discover, Participate, and Enrich Your University Journey! Changed the date of Final Exam Spring 2026_ EXAM TEMPLATE FOR SPRING 2025 TRIMESTER Notice Regarding Resumption of Academic Activities Revised Notice on Tuition Fee Waiver for the Current Trimester/Semester HOLIDAY NOTICE: SHUBHO JANMASHTAMI Open Trial for “Vice Chancellor Cup Football Tournament 2025 – Season 3″ Mollit maxime cumque. Workshop on Speak Bold: Turning Stage Fright into Confidence Discover the Latest: Dive into UIU's Current News, Featuring Exciting Developments, Achievements, and Stories. Be in the Know with Our University's Vibrant Community and Events. News UIU Hosts Iftar and Doa",UIU - Department of EDS,https://eds.uiu.ac.bd/,general,0,2026-06-16T08:12:53.423459
"Cup Football Tournament 2025 – Season 3″ Mollit maxime cumque. Workshop on Speak Bold: Turning Stage Fright into Confidence Discover the Latest: Dive into UIU's Current News, Featuring Exciting Developments, Achievements, and Stories. Be in the Know with Our University's Vibrant Community and Events. News UIU Hosts Iftar and Doa Mahfil to Mark Ramadan Sanguinity April 21, 2024 The mission of UIU is to create excellent human resources with intellectual, creative, technical, moral and practical skills to serve community, industry and region.",UIU - Department of EDS,https://eds.uiu.ac.bd/,general,1,2026-06-16T08:12:53.423459
"Upcoming Conference
Research Projects
UIU Research Grant Research Grants 2016
Research Grants 2016
UIU Research Grant
United International University (UIU) has taken a pioneering initiative to provide Research Fund for its faculty members to conduct quality research activities and set examples for other institutions. An initial annual budget of Tk. 10,000,000 (1 Crore) has been allocated for this purpose.
Research proposals will be invited twice a year to award funds in January and July every year (Tk. 5,000,000 for each call). The maximum allocated fund for a particular project will not exceed Tk. 1,200,000 for a 2-year project. Smaller projects with duration between 1 to 2 years or less than 1 year will be allocated a budget proportionate to their time duration.
A Selection Committee has been formed comprising of the Vice Chancellor as its Chairman and Pro-Vice Chancellor and Deans of two Schools as its member to evaluate the Project Proposals as well as to select the research projects for awarding the grant.
Completed Project",UIU Research Grant - United International University (UIU),https://www.uiu.ac.bd/research/uiu-research-grant/,research,0,2026-06-16T08:12:54.264641
"Admission Open For Summer 2026 UIU MARINER Team Secured 1st in Asia & 5th in the World at MATE ROV World Championship 2025. The ‘UIU ASCEND’ team from United International University (UIU) won 2nd place in Asia and 7th place in the World at the CanSat Competition 2025. UIU team secured 11th position in world and 4th among the Asian countries. We aim to provide quality education & on hand practical training to equip the graduates of EEE to face technological challenges of the 21st century, and to develop students in learning ethics, professional conduct, critical thinking and working in a group. We aim to provide quality education & on hand practical training to equip the graduates of EEE to face technological challenges of the 21st century, and to develop students in learning ethics, professional conduct, critical thinking and working in a group. Last date of application: April 22, 2026 Currently the EEE department offers B.Sc. degree in the following area: 1. Electrical and Electronic Engineering (EEE) 1. Electrical and Electronic Engineering (EEE) Sponsored Projects Sponsored Projects Undergraduate Projects Undergraduate Projects Dept publication Dept publication UIU has established a financial award scheme to attract and retain meritorious students. Prospective Career Tracks The EEE department offers specialized career paths aligned with industry demands, preparing students for success in cutting-edge technological fields. Embedded Systems Design and develop embedded systems for IoT, robotics, and automation applications. Master chip design and semiconductor technology for next-generation electronic devices. Specialize in renewable energy, smart grids, and sustainable power generation. United International University (UIU) is acclaimed for its educational quality, boasting notable rankings and recognitions in higher education, reflecting its commitment to academic and research excellence on both a national and global scale. June 14, 2026 Exam Routine_Summer 2026_EEE June 13, 2026 Advising (Time & Section Selection): Summer 2026 Trimester June 13, 2026 Class Routine Summer 2026 BSEEE June 6, 2026 Schedule of Capstone Project Presentations & Project Show for Spring 2026 May 18, 2026 COURSE EVALUATION For SPRING 2026 May 6, 2026 NOTICE for Course Pre-Advising, Summer 2026 Trimester May 10, 2026 Seminar on “EEE ENTREPRENEURS: CONFRONTING THE ENERGY CRISIS, SECURING THE FUTURE” April 11, 2026 Shahriar Ahmed Chowdhury, Director, Centre for Energy Research of Department of EEE, UIU has published four Opinions recently in the Daily Star on 27th April, 2026, in the Dhaka Tribune on 12th April 2026, in the New Age on 8th",UIU - Department of EEE,https://eee.uiu.ac.bd/,general,0,2026-06-16T08:12:56.261202
"CONFRONTING THE ENERGY CRISIS, SECURING THE FUTURE” April 11, 2026 Shahriar Ahmed Chowdhury, Director, Centre for Energy Research of Department of EEE, UIU has published four Opinions recently in the Daily Star on 27th April, 2026, in the Dhaka Tribune on 12th April 2026, in the New Age on 8th April, 2026 and in the Business Standard on 6th April, 2026 on power and energy sector of Bangladesh. March 11, 2026 Departmental Orientation (EEE & me)_Spring 2026 March 9, 2026 EEE-Project show Fall-2025 January 19, 2026 IEEE UIU Student Branch Hosts Digitally Assisted Flexible Low-Jitter Frequency Generation for Next-Generation Communication Systems January 19, 2026 January 10, 2026 IEEE UIU Student Branch Hosts Global Research Seminar on Next-Gen Semiconductors January 10, 2026 7th International Conference on the Developments in Renewable Energy Technology “Together for our planet” from Cop 26, was attended by 120 world leaders and over 40,000 registered participants, including 22,274 party delegates, 14,124 observers and 3,886 media representatives to consider the possible options to save our planet from global warming. They agreed to do the followings: Recognizing the emergency related to global warming, leaders in […]",UIU - Department of EEE,https://eee.uiu.ac.bd/,general,1,2026-06-16T08:12:56.261202
"Academic Council
Pro Vice Chancellor
Director (Coordination)
Prof. Dr. Md. Abul Kashem Mia
B.Sc. Engg. (EEE, BUET),  M.Sc. Engg. (CSE, BUET) M.S, Tohoku University, Japan Ph.D, Tohoku University, Japan
Office of the Vice Chancellor United International University United City, Madani Avenue,  Badda, Dhaka 1212, Bangladesh. Phone: +88 09604-848-848 vc@uiu.ac.bd",Vice Chancellor - United International University (UIU),https://www.uiu.ac.bd/authorities/vice-chancellor/,administration,0,2026-06-16T08:12:57.801649
"Proctorial Rules Code of Conduct for the UIU Students The vision of United International University is to become the center of excellence in teaching and research in the South Asian region. The mission of UIU is to produce excellent human capital with intellectual, creative, technical, moral and practical skills of the highest possible level. To develop a united, interactive, involving and a caring relationship among teachers, students, guardians and employers UIU is committed to maintain proper academic environment in its premises. Students are expected to observe the general rules of discipline, honesty, punctuality, and respect the rights of others within the premises. Students of UIU are expected to abide by the following code of conduct and avoid committing the misconducts: Code of Conduct regarding Wearing of Dresses at University Campus: It is expected that all students of UIU would wear decent dresses consistent with our culture. Wearing shorts or sleeveless dress is strictly prohibited at university campus for a male or female student. A female student is expected to wear long and loose dresses at university campus. Code of Conduct regarding Male and Female Student Relationship: It is expected that the relationship between male and female students should be such that no nuisance or untoward incident occurs at university campus. The relationship between male and female students should be friendly but would not cross the limit of decency. Students of the opposite sex should avoid touching each other (like holding hands etc.). Academic Misconduct: Unfair means at the examination by any method or means. Helping other students to adopt unfair means during the examination. Reproducing the work of others as one’s own work. Fabrication or the falsification of any event /information. Social Misconduct: Abusive or disorderly conduct. Sexual harassment and obscenity in any form. Physical assault in any form. Direct or indirect threat or coercion. Verbal, non verbal, mental, and/or physical harassment. Participation in any activity that may disrupt any function of the University. Uploading of indecent pictures or making indecent and untruthful comments via any website like facebook, twitter, messenger, email etc. Association with any social, political, religious, or any other organization connected with activities endangering/ likely to endanger the security of life & property of the citizens or of the state is strictly prohibited. Property Damage: Willful damage or destruction of the University property. Acts Forbidden on the Campus: Smoking inside the campus is strictly prohibited. Possession or",Code of Conduct - United International University (UIU),https://www.uiu.ac.bd/academics/proctorial-committee/code-of-conduct/,academics,0,2026-06-16T08:12:58.621455
"any other organization connected with activities endangering/ likely to endanger the security of life & property of the citizens or of the state is strictly prohibited. Property Damage: Willful damage or destruction of the University property. Acts Forbidden on the Campus: Smoking inside the campus is strictly prohibited. Possession or use of alcoholic drinks, narcotic drugs etc. are prohibited. Possession of weapons and firearms is not allowed on the Campus. Disobedience to Lawful Authority: Disobedience, interference, resistance or failure to comply with the direction of University personnel on duty. Unauthorized entry. Involvement in any kind of theft or misappropriation. Unlawful Possession of University belongings. Damaging and stealing library books, laboratory equipments or any other property. The following are the representative types of penalties and sanctions that may be imposed on a student found guilty of violating the code of conduct of the University: Warning in the form of written or verbal notice. Cancellation of the exam and/or assignment for academic misconduct. Expulsion for one or more Trimesters. Expulsion from the university.",Code of Conduct - United International University (UIU),https://www.uiu.ac.bd/academics/proctorial-committee/code-of-conduct/,academics,1,2026-06-16T08:12:58.621455
"Admission Test Procedure
Admission Test Result
Admission Requirements
Date of Admission Test
Admission Procedure
Direct Admission Notice
Credit Transfer to UIU
Undergraduate Programs
Admission & Registration Procedure
Graduate Programs
Admission Test Syllabus
Admission Advertisements
Tuition Fees & Payment Policies Scholarship, Tuition and Other Fees, Waiver Policy Payment Policies Payment Procedure Tuition Fees & Waivers
Scholarship, Tuition and Other Fees, Waiver Policy
Payment Policies
Payment Procedure
Tuition Fees & Waivers
Following rules will be applicable for students who would like to transfer to UIU:
Concerned Dean will decide the program of a university from which credit transfer will be accepted.
Admission test is required
Admission fee has to be paid.
Department decides which courses will be transferred/waived.
The minimum grade in a transferred/waived course should be “B”.
Residency requirement: minimum of 50% credits have to be completed at UIU.
Disciplinary verification of such credit transferred students has to be made from their respective former Universities.
Undergraduate Programs
Graduate Programs
Admission Requirements
Admission Procedure
Direct Admission Notice
International Students
Admission Test Result",Credit Transfer to UIU - United International University (UIU),https://www.uiu.ac.bd/admission/credit-transfer-to-uiu/,admission,0,2026-06-16T08:12:59.929945
"Admission Test Procedure
Admission Test Result
Admission Requirements
Date of Admission Test
Admission Procedure
Direct Admission Notice
Credit Transfer to UIU
Undergraduate Programs
Admission & Registration Procedure
Graduate Programs
Admission Test Syllabus
Admission Advertisements
Tuition Fees & Payment Policies Scholarship, Tuition and Other Fees, Waiver Policy Payment Policies Payment Procedure Tuition Fees & Waivers
Scholarship, Tuition and Other Fees, Waiver Policy
Payment Policies
Payment Procedure
Tuition Fees & Waivers
Summer 2026 Trimester / Fall 2026 Semester",Admission Test Result - United International University (UIU),https://www.uiu.ac.bd/admission/admission-test-result/,admission,0,2026-06-16T08:13:01.918200
"Visit: gmail.com
Enter your official email address which is provided by UIU and click next.
Enter your password provided by UIU and click next. If you did not have the password please contact us at cits@admin.uiu.ac.bd
Tutorial: Click Here .
Visit: ucam.uiu.ac.bd
Enter login ID (login ID is your student ID) and click Send Reset Link
After click Send Reset Link, a password reset will be sent to your official email address, login your email and browse the mail and click the link.
After clicking the link, this window will open. Set your own password from here.
Visit: elms.uiu.ac.bd
Click on “Lost password”
Enter your username in the search box ( NB : Your username is your student ID ) and click search.
After that, click Continue and check your official email address (ex: jhon203000@bscse.uiu.ac.bd)
Open mail and click the reset link.
Set your password and click “Save Changes”
Tutorial: Click Here
For any query, contact at cits@uiu.ac.bd.",E-Resources - United International University (UIU),https://www.uiu.ac.bd/e-resources-2/,general,0,2026-06-16T08:13:02.649413
"Academic Council
Pro Vice Chancellor
Director (Coordination)
Pro Vice Chancellor
Office of the Pro Vice-Chancellor United International University United City, Madani Avenue,  Badda, Dhaka 1212, Bangladesh. Phone: +88 09604-848-848 provc@uiu.ac.bd",Pro Vice Chancellor - United International University (UIU),https://www.uiu.ac.bd/authorities/pro-vice-chancellor/,administration,0,2026-06-16T08:13:03.721376
"Admission Open For Spring 2026
Applicants will be required to sit for an Admission Test designed to judge their abilities and aptitude for the program. The Test will be held as arranged by the University. The Admission Test will be held on the following three areas:
1. Language and Communication
1. Language and Communication
The degree requirements of B.Sc. in Biotechnology and Genetic Engineering will be as follows:
1. Completion of 140.0 credit hours.
1. Completion of 140.0 credit hours.
2. Passing of all courses individually and maintaining a minimum CGPA of 2.00.
2. Passing of all courses individually and maintaining a minimum CGPA of 2.00.
UIU is going to expand its academic arena in the field of biomedical research and healthcare industries. The establishment of “The Department of Biotechnology and Genetic Engineering” as a new department under the School of Life Sciences will be an excellent addition to contribute in biomedical research and education.
United International University (UIU) is acclaimed for its educational quality, boasting notable rankings and recognitions in higher education, reflecting its commitment to academic and research excellence on both a national and global scale.
May 24, 2026 Revised Class Routine for Summer 2026 Trimester, BGE
May 20, 2026 Revised Mid/Final Exam Template for Summer 2026 Trimester, BGE
May 17, 2026 BGE Mid/Final Exam Template for Summer 2026 Trimester
May 17, 2026 BGE Pre-Advising Rules and Guidelines for Summer 2026
April 11, 2026 BGE Mentor’s List, Spring 261 Batch
January 4, 2026 BGE Mid/Final Exam Template for Spring 2026 Trimester
November 17, 2024 Bachelor of Science in Biotechnology and Genetic Engineering (BSBGE) Mid-Term Exam Schedule – Fall 2024 Semester
November 17, 2024
December 13, 2025 Biotech Seminar on “Decoding Brain Function in Health and Disease Using Single-Cell Multiomics.”
December 13, 2025
October 8, 2025 4:00 pm Open Trial for “Vice Chancellor Cup Football Tournament 2025 – Season 3″ Venue: UIU Football Ground
October 8, 2025 4:00 pm
Venue: UIU Football Ground
April 21, 2024 UIU Hosts Iftar and Doa Mahfil to Mark Ramadan Sanguinity",Home Page - UIU - Department of Biotechnology and Genetic Engineering,https://bge.uiu.ac.bd/,general,0,2026-06-16T08:13:04.805680
"Academic Council
Pro Vice Chancellor
Director (Coordination)
Hasan Mahmood Raja
Chairman, Board of Trustees, United International University
Office of the Chairman United International University United City, Madani Avenue,  Badda, Dhaka 1212, Bangladesh. Phone: +88 09604-848-848
Message from Chairman
On the eve of its 45th anniversary, united group modestly presents its newest and most promising venture in the shape of United International University. With a heartfelt desire to promoting our ideals into the fields of education and research, United International University is poised to become an instant celebrity in the field of higher education. Built with the vision of producing the graduates of the new millennium with the dexterity and maturity the nation requires – this endeavor heralds our continued commitment to the people of Bangladesh.
It is our expectation that United International University will bring a new era in the field of higher education. It will provide the nation and the global economy with a fresh and continuous combination of highly skilled graduates ready and willing to meet and exceed all professional opportunities in all fields of involvement. The will and determination of United Group, coupled with the team of local and foreign experts and educational partners and skilled lineup of professionals and educationists will help us to carry our dreams onward..
As we continue to progress to meet the challenges and goals of today, we will maintain our vigil for the challenges of tomorrow. Through this journey Insha-Allah our will and commitment to our cause will remain steadfast.
Hasan Mahmood Raja Chairman of the Board of Trustees",Chairman - United International University (UIU),https://www.uiu.ac.bd/authorities/chairman/,general,0,2026-06-16T08:13:05.667372
"We evolve with technology The CSE Department of UIU has been involved in several projects in last five years including projects under Thrust/Emerging Areas, Modernization and Removal of Obsolescence, Industry-Institution Interaction. Undergraduate Program Bachelor of Science in Computer Science and Engineering primarily involves the study of a number of core courses, which every CSE graduate should know, and a significant number of courses from specialized areas. Graduate Program UIU has been running its M.Sc. in Computer Science and Engineering program since its inception and has attracted not only fresh undergraduates but also a handful number of ICT professionals from the industry. United International University (UIU) is acclaimed for its educational quality, boasting notable rankings and recognitions in higher education, reflecting its commitment to academic and research excellence on both a national and global scale. Discover Our Dedicated CSE Faculty: A Team of Expert Educators and Researchers Committed to Excellence in Teaching and Innovation at United International University's Computer Science and Engineering Department. The Department of Computer Science and Engineering faculty members are an impressive group, bearing the academic tradition of higher excellence. World renowned, they are engaged in ground-breaking research. Further, they are so attuned to what’s happening in business that they are shaping its future. Dr. Md. Abul Kashem Mia Vice Chancellor, Office of the Vice Chancellor Dr. Hasan Sarwar Professor, Dept. of CSE Dr. Mohammad Nurul Huda Professor, Dept. of CSE Dr. Khondaker Abdullah -Al-Mamun Professor, Dept. of CSE Dr. A.K.M. Muzahidul Islam Professor, Dept. of CSE Dr. Md. Motaharul Islam Professor, Dept. of CSE Dr. Al-Sakib Khan Pathan Professor, Dept. of CSE Dr. Muhammad Nomani Kabir Professor, Dept. of CSE Dr. Md. Shohrab Hossain Professor, Dept. of CSE Dr. Dewan Md. Farid Professor, Dept. of CSE Immerse in UIU's Campus Life: Experience Our Dynamic Community through Cultural Events, Clubs, Sports, and Social Activities. Discover, Participate, and Enrich Your University Journey! Full Time Teachers The mission of UIU is to create excellent human resources with intellectual, creative, technical, moral and practical skills to serve community, industry and region. Kamrul Islam Shahin It’s still like a dream. The day I accomplished my goal by finishing my studies, all the struggles of the past years seemed nothing. My hard work showed its result finally. When I started my educational journey with United International University (UIU), the path seemed dark, confusing and quite uncertain. I never thought that it would turn",Home - UIU - Department of CSE,https://cse.uiu.ac.bd/,general,0,2026-06-16T08:13:06.832906
"I accomplished my goal by finishing my studies, all the struggles of the past years seemed nothing. My hard work showed its result finally. When I started my educational journey with United International University (UIU), the path seemed dark, confusing and quite uncertain. I never thought that it would turn […] It’s still like a dream. The day I accomplished my goal by finishing my studies, all the struggles of the past years seemed nothing. My hard work showed its result finally. When I started my educational journey with United International University (UIU), the path seemed dark, confusing and quite uncertain. I never thought that it would turn […] I still remember the day I first stepped into the UIU campus. I really did not know what kind of career path I would choose. Two weeks into the SPL (Structured Programming Language) course, I discovered something that was driving me, something amazing happened and finally I found myself in a position where I knew what I […] I still remember the day I first stepped into the UIU campus. I really did not know what kind of career path I would choose. Two weeks into the SPL (Structured Programming Language) course, I discovered something that was driving me, something amazing happened and finally I found myself in a position where I knew what I […] Mohammad Hasan Shaharear “It was a complete unknown territory for me when I admitted to BSCSE of UIU in 2003. In fact, I had never operated a computer before. Initially I was a bit exited as well as scared. Though I had tough time in the beginning, gradually I became familiar with logic of computing and programming languages. With the course of time, I had start enjoying different courses. […] “It was a complete unknown territory for me when I admitted to BSCSE of UIU in 2003. In fact, I had never operated a computer before. Initially I was a bit exited as well as scared. Though I had tough time in the beginning, gradually I became familiar with logic of computing and programming languages. With the course of time, I had start enjoying different courses. […] Meet Our Notable Alumni: Explore the Inspiring Journeys of CSE Graduates from United International University Who Have Made Remarkable Contributions in Technology, Innovation, and Leadership. Md. Tazbir Ur Rahman Bhuiyan Lead Engineer at Brain Station 23 Limited. Saifur",Home - UIU - Department of CSE,https://cse.uiu.ac.bd/,general,1,2026-06-16T08:13:06.832906
"With the course of time, I had start enjoying different courses. […] Meet Our Notable Alumni: Explore the Inspiring Journeys of CSE Graduates from United International University Who Have Made Remarkable Contributions in Technology, Innovation, and Leadership. Md. Tazbir Ur Rahman Bhuiyan Lead Engineer at Brain Station 23 Limited. Saifur Rahman Sazib Lead Engineer at Objectstream Inc, USA Assistant Professor, Pennsylvania State University-Harrisburg Hussain KMR Behestee Mobile Device Specialist in K.K. Innovative Solutions Saifur Rahman Sazib Lead Engineer at Objectstream Inc, USA On-line Course Evaluation Spring 2026 TRIMESTER Revised Exam Routine Template_ Summer 2026 Trimester BSCSE Course Offerings (Summer 26) – Revised Advisors List Summer 2026 Course Withdraw Notice – Spring 2026 Trimester Discover the Latest: Dive into UIU's Current News, Featuring Exciting Developments, Achievements, and Stories. Be in the Know with Our University's Vibrant Community and Events Asia No. 1, World No. 3 — Celebrating Excellence: UIU Mars Rover Team Achieves at URC 2026 Research Talk on CPS and Possible Opportunities for Students MSCSE Program Welcomes New Students – Fall 2024 The Department of Computer Science and Engineering Welcomes New Leadership Blockchain – The Coming Revolution Undergraduate Assistant (UA) Required for Spring 2022 Explore how UIU is making headlines! Discover news features, media coverage, and stories showcasing our achievements, initiatives, and contributions to education and society Research & Grants Driving discoveries vital to our world, our health, and our intellectual life 32 Research Projects Spread across Undergraduate and Graduate Programs Tk 5 Crores in grants Spread across Undergraduate and Graduate Programs 32 Research Projects Spread across Undergraduate and Graduate Programs",Home - UIU - Department of CSE,https://cse.uiu.ac.bd/,general,2,2026-06-16T08:13:06.832906
"UIU offers an extensive and heavily subsidized transportation service to the students in Dhaka city. With meticulously planned routes covering major locations, UIU provides a hassle-free and affordable commute to the university campus. UIU covers a substantial portion of the costs to make this service accessible and bearable for students.
Please note that the above table provides the stops for each route, the starting time from the first stop, and the departure time from UIU Campus.",UIU Transportation Service - United International University (UIU),https://www.uiu.ac.bd/uiu-transportation-service/,general,0,2026-06-16T08:13:08.351455
"Welcome to The Department of Media Studies and Journalism The Department of Media Studies and Journalism (MSJ) at United International University (UIU) offers a four-year undergraduate program covering the diverse fields of human communication, media studies, and journalism. After completing BSS (Honours) in Media Studies and Journalism (MSJ) Program, the students will become suitable professionals by learning theoretical perspectives, practical know-hows, professional ethics, and human values. Program offered by the Department The Department of Media Studies and Journalism program is meticulously designed with the goal of becoming a prominent institution for media education, research, and professional practice. Our graduates are poised to take on leadership roles in the media industry, news organizations, academia, and related fields, both nationally and internationally. The Cogs That Turn The Wheels Of Our Success The mission of UIU is to create excellent human resources with intellectual, creative, technical, moral and practical skills to serve community, industry and region. Dr. Sheikh Mohammad Shafiul Islam Associate Professor, Department of Media Studies & Journalism Dr. Mario Hirstein Assistant Professor (Category 1), Department of Media Studies & Journalism Ms. Kazi Kamrun Nahar Tania Lecturer, Department of Media Studies & Journalism Lecturer, Department of Media Studies & Journalism Lecturer, Department of Media Studies & Journalism Immerse in UIU's Campus Life: Experience Our Dynamic Community through Cultural Events, Clubs, Sports, and Social Activities. Discover, Participate, and Enrich Your University Journey! The mission of UIU is to create excellent human resources with intellectual, creative, technical, moral and practical skills to serve community, industry and region. View Notable Alumni United International University (UIU) is acclaimed for its educational quality, boasting notable rankings and recognitions in higher education, reflecting its commitment to academic and research excellence on both a national and global scale. UIU Transportation Service for Summer 2024 Notice Regarding Resumption of Academic Activities Revised Notice on Tuition Fee Waiver for the Current Trimester/Semester HOLIDAY NOTICE: SHUBHO JANMASHTAMI Mid-Term Exam Schedule – Summer 2024 Open Trial for “Vice Chancellor Cup Football Tournament 2025 – Season 3″ Workshop on Speak Bold: Turning Stage Fright into Confidence CineVision Workshop | Powered by MSJ, UIU Educational visit to Bangladesh Television (BTV). Discover the Latest: Dive into UIU's Current News, Featuring Exciting Developments, Achievements, and Stories. Be in the Know with Our University's Vibrant Community and Events. The mission of UIU is to create excellent human resources with intellectual, creative, technical, moral and practical skills to serve",Home - UIU - Media Studies and Journalism (MSJ),https://msj.uiu.ac.bd/,general,0,2026-06-16T08:13:09.384877
"visit to Bangladesh Television (BTV). Discover the Latest: Dive into UIU's Current News, Featuring Exciting Developments, Achievements, and Stories. Be in the Know with Our University's Vibrant Community and Events. The mission of UIU is to create excellent human resources with intellectual, creative, technical, moral and practical skills to serve community, industry and region.",Home - UIU - Media Studies and Journalism (MSJ),https://msj.uiu.ac.bd/,general,1,2026-06-16T08:13:09.384877
"Welcome to Department of Civil Engineering
The Civil Engineering department offers an excellent undergraduate program with up-to-date course curriculum, globally adopted Outcome Based Education (OBE) system and state-of-the-art laboratory facilities. The laboratory infrastructure is based on both undergraduate curriculum as well as advanced research...
United International University (UIU) is acclaimed for its educational quality, boasting notable rankings and recognitions in higher education, reflecting its commitment to academic and research excellence on both a national and global scale.
UNDERGRADUATE PROGRAM
Embark on a transformative journey in our university's Civil Engineering undergraduate program. Benefit from cutting-edge curriculum, hands-on projects, and mentorship from distinguished faculty...
Immerse in UIU's Campus Life: Experience Our Dynamic Community through Cultural Events, Clubs, Sports, and Social Activities...
Department Notices
Stay Updated: Explore the Latest Notices from the Department of Civil Engineering for Key Information on Academic Schedules, Upcoming Events, and Essential Announcements.
Course Evaluation for Spring 2026 Trimester
Vacancies for Teaching Assistant (TA)
Course Evaluation for Fall 2025 Trimester
Pre Advising (Subject Choice) & Advising (Time and Section Selection) Fall 2025 Trimester
Course Evaluation for Summer 2025 Trimester
Discover the Latest: Dive into UIU Civil Engineering's Current News, Featuring Exciting Developments, Achievements, and Stories.
Bonikbarta.net Features Professor Dr. Farzana Rahman’s Research on The Service Quality of Domestic Airlines Bangladesh
United Medical College Hospital construction site visited by the students of Department of Civil Engineering on March 04, 2023
Study Tour at the Mawa-Bhanga section of Padma Bridge Rail Link Project on March 13th, 2023
CCTR: Los Angeles Abrasion Test on Stone Chips Materials Performed on June 5, 2021
Explore UIU Civil Engineering's Vibrant Campus Life: Check Out Upcoming Events, Workshops, and Gatherings.
The Department of Civil Engineering features highly skilled faculty members committed to delivering attentive guidance, thereby ensuring student development and fostering the emergence of future leaders in civil engineering.",UIU - Department of Civil Engineering,https://ce.uiu.ac.bd/,general,0,2026-06-16T08:13:10.689906
"Welcome to The Department of English The Department of English at United International University was launched on the 12th of December, 2023, and the English Language Institute (ELI) was merged with the Department of English on the mentioned date. The B.A. in English programme at UIU is designed to provide a broad spectrum of English studies, i.e. literary genres, critical theories, applied linguistics and theories of ELT, niche in research orientation, and hands-on teaching experience. The programme will mould students to pursue interdisciplinary courses that are expected to broaden their outlook and develop their liberal and humane values. The Department of English offers two major streams; one concentration is on Applied Linguistics and ELT, and the other one is on Literature. Along with core English Courses, the Department of English also offers two courses, namely English I and English II, and both of the courses are compulsory for the new entrants of the School of Business and Economics and School of Science and Engineering and other departments. The Cogs That Turn The Wheels Of Our Success The mission of UIU is to create excellent human resources with intellectual, creative, technical, moral and practical skills to serve community, industry and region. Dr. Md. Kamrul Hasan Professor, Department of English Dr. Marzia Shurovi Associate Professor, Department of English Assistant Professor (Category 2), Department of English Ms. Nousin Laila Bristi Assistant Professor (Category 2), Department of English Mr. Chowdhury Omar Sharif Assistant Professor (Category 2), Department of English Ms. Kirsten Gudgeon Lecturer, Department of English Lecturer, Department of English Lecturer, Department of English Mr. Labib Rashid Inan Lecturer, Department of English Mr. Muntasir Ahmad Lecturer, Department of English Mr. Ahmed Abdullah Bin Farooqi Rayhan Lecturer, Department of English Ms. Tashrifa Fairuz Lecturer, Department of English Immerse in UIU's Campus Life: Experience Our Dynamic Community through Cultural Events, Clubs, Sports, and Social Activities. Discover, Participate, and Enrich Your University Journey! The mission of UIU is to create excellent human resources with intellectual, creative, technical, moral and practical skills to serve community, industry and region. View Notable Alumni United International University (UIU) is acclaimed for its educational quality, boasting notable rankings and recognitions in higher education, reflecting its commitment to academic and research excellence on both a national and global scale. Department of English | Summer 2026 Trimester Call for Teaching Undergraduate Assistants (UGA) Dept.of English: Courses Preadvising Summer 2026-Trimester Course Registration of the Summer",Home - UIU- Department of English,https://english.uiu.ac.bd/,general,0,2026-06-16T08:13:11.734001
"its educational quality, boasting notable rankings and recognitions in higher education, reflecting its commitment to academic and research excellence on both a national and global scale. Department of English | Summer 2026 Trimester Call for Teaching Undergraduate Assistants (UGA) Dept.of English: Courses Preadvising Summer 2026-Trimester Course Registration of the Summer 2025 Trimester for the Newly Admitted Students and Current Students of the Department English. Course Final Advising Summer 2025 Trimester Notice Regarding Resumption of Academic Activities Open Trial for “Vice Chancellor Cup Football Tournament 2025 – Season 3″ Learn Chinese Language: Grab Sparkling Career Opportunities Seminar! Excepteur officia si. Workshop on Speak Bold: Turning Stage Fright into Confidence Discover the Latest: Dive into UIU's Current News, Featuring Exciting Developments, Achievements, and Stories. Be in the Know with Our University's Vibrant Community and Events. The mission of UIU is to create excellent human resources with intellectual, creative, technical, moral and practical skills to serve community, industry and region.",Home - UIU- Department of English,https://english.uiu.ac.bd/,general,1,2026-06-16T08:13:11.734001
"Grading Performance Evaluation
Institute of Business & Economic Research
Academic Information Policies
Institute of Natural Sciences
Proctorial Committee Code of Conduct Proctorial Rules
Proctorial Rules
Schools and Institutes School of Business & Economics School of Humanities & Social Sciences School of Life Sciences School of Science & Engineering
School of Business & Economics
School of Humanities & Social Sciences
School of Life Sciences
School of Science & Engineering
UIU authorities have formed a Proctorial Committee to monitor the activities of the students to which any violation in the rules of the university will be reported and dealt with. Students may directly contact any member of the Proctorial committee in case of necessity. The following are the members of the Proctorial Committee
Proctorial Rules",Proctorial Committee - United International University (UIU),https://www.uiu.ac.bd/academics/proctorial-committee/,academics,0,2026-06-16T08:13:13.341474
"Academic Council
Pro Vice Chancellor
Director (Coordination)
Engr. Md. Abdul Moqaddem
Treasurer, United International University
B.Sc. Engg. (EEE, BUET), M.Sc. Engg. (EEE, BUET), MBA (Marketing)
Additional Director General (Tech) and DG (Additional Charge) , Department of Telecommunications (DoT), Government of the People’s Republic of Bangladesh. DMD (System Operation), Bangladesh Telecommunications Company Ltd. (BTCL)
Deputy General Manager (Finance) , Teletalk Bangladesh Ltd
Office of the Treasurer United International University United City, Madani Avenue,  Badda, Dhaka 1212, Bangladesh. Phone: +88 09604-848-848 treasurer@uiu.ac.bd",Treasurer - United International University (UIU),https://www.uiu.ac.bd/authorities/treasurer/,general,0,2026-06-16T08:13:14.214527
"Welcome to The Department of Pharmacy The Department is dedicated to achieving excellence and integrity in pharmaceutical education, cutting-edge research, and professional practices in order to ensure the continuous development of high-quality graduates for the rapidly growing pharmaceutical industries, academia, and improve the healthcare of local and global communities. Programs offered by the Department B. Pharm. program is designed with the objective of being a leading university for pharmacy education, research, and practice, where graduates will be prepared to serve as leaders in the pharmaceutical sectors, hospitals, academia, and related fields both nationally and internationally. The Cogs That Turn The Wheels Of Our Success The mission of UIU is to create excellent human resources with intellectual, creative, technical, moral and practical skills to serve community, industry and region. Dr. Md. Abdul Mazid Advisor - School of Life Sciences, Department of Pharmacy Dr. Tahmina Foyez Professor, Department of Pharmacy Dr. Syed Masudur Rahman Dewan Associate Professor, Department of Pharmacy Ms. Refaya Rezwan Assistant Professor (Category 1), Department of Pharmacy Ms. Sharmin Ahmed Rakhi Assistant Professor (Category 2), Department of Pharmacy Ms. Sabiha Tasnim Assistant Professor (Category 2), Department of Pharmacy Mr. Rafe Salman Rifat Lecturer, Department of Pharmacy Mr. Ferdous-Ul-Haque Joy Lecturer, Department of Pharmacy Lecturer, Department of Pharmacy Ms. Mst. Nowsad Zahan Sathi Lecturer, Department of Pharmacy Mr. AHM Quamruzzaman Part-time Faculty, Department of Pharmacy Immerse in UIU's Campus Life: Experience Our Dynamic Community through Cultural Events, Clubs, Sports, and Social Activities. Discover, Participate, and Enrich Your University Journey! United International University (UIU) is acclaimed for its educational quality, boasting notable rankings and recognitions in higher education, reflecting its commitment to academic and research excellence on both a national and global scale. B.Pharm. Course Evaluation, Spring 2026 Semester Pre-advising (Course Selection) of Fall-2026 Semester List of the selected candidates in Viva – Bachelor of Pharmacy – Fall 2026 Semester Final Registration, Spring-2026 Semester Final Exam Schedule – Fall 2025 Semester Career Event Series-2 (Building a Career in Local and International Pharma Marketing) Open Trial for “Vice Chancellor Cup Football Tournament 2025 – Season 3″ ‘Srabondhara – A Literary Session to Celebrate Monsoon’ Workshop on Speak Bold: Turning Stage Fright into Confidence Discover the Latest: Dive into UIU's Current News, Featuring Exciting Developments, Achievements, and Stories. Be in the Know with Our University's Vibrant Community and Events. News Day Long Trip of Department of Pharmacy January 8, 2025 News UIU Social",Home - UIU - Department of Pharmacy,https://pharmacy.uiu.ac.bd/,general,0,2026-06-16T08:13:15.324990
"Celebrate Monsoon’ Workshop on Speak Bold: Turning Stage Fright into Confidence Discover the Latest: Dive into UIU's Current News, Featuring Exciting Developments, Achievements, and Stories. Be in the Know with Our University's Vibrant Community and Events. News Day Long Trip of Department of Pharmacy January 8, 2025 News UIU Social Services Club Stands beside the Remal Affected People in Khulna June 25, 2024 News UIU Hosts Iftar and Doa Mahfil to Mark Ramadan Sanguinity April 21, 2024 The mission of UIU is to create excellent human resources with intellectual, creative, technical, moral and practical skills to serve community, industry and region.",Home - UIU - Department of Pharmacy,https://pharmacy.uiu.ac.bd/,general,1,2026-06-16T08:13:15.324990
"Scholarship, Tuition and Other Fees, Waiver Policy
Payment Policies
Payment Procedure
Tuition Fees & Waivers
Arrangement for Payment of Tuition & Other Fees
It is notified for general information of all UIU students that, UIU students may deposit their tuition and other fees to any of the following channels.
Tuition and other fees can be paid in the counter of any branch of Dhaka Bank Limited (DBL) throughout the country. However no deposit slip would be required for payment of tuition/other fees. Rather students will handover the amount of tuition/other fees to the respective officials in the counter and concern students will get a confirmation slip instantly from the counter.
Nearest branches of the DBL from UIU Permanent Campus is:
Pragati Sarani (600m South of Notun Bazar Mor)
Gulshan – 1 & Gulshan – 2
Location of all branches of DBL: https://dhakabankltd.com/branches/
Tuition and other fees can be paid through prescribed deposit slips in the counter of any branch of Southeast Bank Limited (SEBL) throughout the country. The softcopy of the deposit slip can be downloaded from here ( https://www.uiu.ac.bd/wp-content/uploads/2024/02/UIU-SEBL-Deposit-Slip.pdf ). Deposit slips are available at any branch of SEBL also.
Nearest branches of the SEBL from UIU Permanent campus is:
Shahjadpur Pragati Sarani Branch (500m South of Notun Bazar Mor)
Location of all branches of SEBL: https://www.southeastbank.com.bd/branches.php
Tuition and other fees can be paid through prescribed deposit slips in the counter of any branch of The City Bank LIMITED (CBL) throughout the country. The softcopy of the deposit slip can be downloaded from here ( https://www.uiu.ac.bd/wp-content/uploads/2024/02/UIU_CBL_Deposit_Slip.pdf ). Deposit slips are available at any branch of CBL also.
Nearest branches of the CBL from UIU Permanent campus is:
Shahjadpur Pragati Sarani (400m South of Notun Bazar Mor)
Bashundhara Branch
Gulshan – 1 & Gulshan – 2
Location of all branches of CBL: https://www.thecitybank.com/locate-atm-branch
UIU Students can pay their Tuition fees through DBBL Nexus Pay App .
Payment Instructions through Nexus Pay APP – [ Download ]
Nexus Pay App for Android – [ Download ]
Nexus Pay App for iOS – [ Download ]
Instructions for online payment: Instructions-for-Online-Payment.pdf",Payment Procedure - United International University (UIU),https://www.uiu.ac.bd/admission/tuition-fees-payment-policies/payment-procedure/,admission,0,2026-06-16T08:13:16.249783
